[{"model": "auth.permission", "pk": 1, "fields": {"name": "Can add log entry", "content_type": 1, "codename": "add_logentry"}}, {"model": "auth.permission", "pk": 2, "fields": {"name": "Can change log entry", "content_type": 1, "codename": "change_logentry"}}, {"model": "auth.permission", "pk": 3, "fields": {"name": "Can delete log entry", "content_type": 1, "codename": "delete_logentry"}}, {"model": "auth.permission", "pk": 4, "fields": {"name": "Can view log entry", "content_type": 1, "codename": "view_logentry"}}, {"model": "auth.permission", "pk": 5, "fields": {"name": "Can add permission", "content_type": 2, "codename": "add_permission"}}, {"model": "auth.permission", "pk": 6, "fields": {"name": "Can change permission", "content_type": 2, "codename": "change_permission"}}, {"model": "auth.permission", "pk": 7, "fields": {"name": "Can delete permission", "content_type": 2, "codename": "delete_permission"}}, {"model": "auth.permission", "pk": 8, "fields": {"name": "Can view permission", "content_type": 2, "codename": "view_permission"}}, {"model": "auth.permission", "pk": 9, "fields": {"name": "Can add group", "content_type": 3, "codename": "add_group"}}, {"model": "auth.permission", "pk": 10, "fields": {"name": "Can change group", "content_type": 3, "codename": "change_group"}}, {"model": "auth.permission", "pk": 11, "fields": {"name": "Can delete group", "content_type": 3, "codename": "delete_group"}}, {"model": "auth.permission", "pk": 12, "fields": {"name": "Can view group", "content_type": 3, "codename": "view_group"}}, {"model": "auth.permission", "pk": 13, "fields": {"name": "Can add content type", "content_type": 4, "codename": "add_contenttype"}}, {"model": "auth.permission", "pk": 14, "fields": {"name": "Can change content type", "content_type": 4, "codename": "change_contenttype"}}, {"model": "auth.permission", "pk": 15, "fields": {"name": "Can delete content type", "content_type": 4, "codename": "delete_contenttype"}}, {"model": "auth.permission", "pk": 16, "fields": {"name": "Can view content type", "content_type": 4, "codename": "view_contenttype"}}, {"model": "auth.permission", "pk": 17, "fields": {"name": "Can add session", "content_type": 5, "codename": "add_session"}}, {"model": "auth.permission", "pk": 18, "fields": {"name": "Can change session", "content_type": 5, "codename": "change_session"}}, {"model": "auth.permission", "pk": 19, "fields": {"name": "Can delete session", "content_type": 5, "codename": "delete_session"}}, {"model": "auth.permission", "pk": 20, "fields": {"name": "Can view session", "content_type": 5, "codename": "view_session"}}, {"model": "auth.permission", "pk": 21, "fields": {"name": "Can add user", "content_type": 6, "codename": "add_customuser"}}, {"model": "auth.permission", "pk": 22, "fields": {"name": "Can change user", "content_type": 6, "codename": "change_customuser"}}, {"model": "auth.permission", "pk": 23, "fields": {"name": "Can delete user", "content_type": 6, "codename": "delete_customuser"}}, {"model": "auth.permission", "pk": 24, "fields": {"name": "Can view user", "content_type": 6, "codename": "view_customuser"}}, {"model": "auth.permission", "pk": 25, "fields": {"name": "Can add customer profile", "content_type": 7, "codename": "add_customerprofile"}}, {"model": "auth.permission", "pk": 26, "fields": {"name": "Can change customer profile", "content_type": 7, "codename": "change_customerprofile"}}, {"model": "auth.permission", "pk": 27, "fields": {"name": "Can delete customer profile", "content_type": 7, "codename": "delete_customerprofile"}}, {"model": "auth.permission", "pk": 28, "fields": {"name": "Can view customer profile", "content_type": 7, "codename": "view_customerprofile"}}, {"model": "auth.permission", "pk": 29, "fields": {"name": "Can add facility", "content_type": 8, "codename": "add_facility"}}, {"model": "auth.permission", "pk": 30, "fields": {"name": "Can change facility", "content_type": 8, "codename": "change_facility"}}, {"model": "auth.permission", "pk": 31, "fields": {"name": "Can delete facility", "content_type": 8, "codename": "delete_facility"}}, {"model": "auth.permission", "pk": 32, "fields": {"name": "Can view facility", "content_type": 8, "codename": "view_facility"}}, {"model": "auth.permission", "pk": 33, "fields": {"name": "Can add hike", "content_type": 9, "codename": "add_hike"}}, {"model": "auth.permission", "pk": 34, "fields": {"name": "Can change hike", "content_type": 9, "codename": "change_hike"}}, {"model": "auth.permission", "pk": 35, "fields": {"name": "Can delete hike", "content_type": 9, "codename": "delete_hike"}}, {"model": "auth.permission", "pk": 36, "fields": {"name": "Can view hike", "content_type": 9, "codename": "view_hike"}}, {"model": "auth.permission", "pk": 37, "fields": {"name": "Can add hike reference point", "content_type": 10, "codename": "add_hikereferencepoint"}}, {"model": "auth.permission", "pk": 38, "fields": {"name": "Can change hike reference point", "content_type": 10, "codename": "change_hikereferencepoint"}}, {"model": "auth.permission", "pk": 39, "fields": {"name": "Can delete hike reference point", "content_type": 10, "codename": "delete_hikereferencepoint"}}, {"model": "auth.permission", "pk": 40, "fields": {"name": "Can view hike reference point", "content_type": 10, "codename": "view_hikereferencepoint"}}, {"model": "auth.permission", "pk": 41, "fields": {"name": "Can add hut", "content_type": 11, "codename": "add_hut"}}, {"model": "auth.permission", "pk": 42, "fields": {"name": "Can change hut", "content_type": 11, "codename": "change_hut"}}, {"model": "auth.permission", "pk": 43, "fields": {"name": "Can delete hut", "content_type": 11, "codename": "delete_hut"}}, {"model": "auth.permission", "pk": 44, "fields": {"name": "Can view hut", "content_type": 11, "codename": "view_hut"}}, {"model": "auth.permission", "pk": 45, "fields": {"name": "Can add hut facility", "content_type": 12, "codename": "add_hutfacility"}}, {"model": "auth.permission", "pk": 46, "fields": {"name": "Can change hut facility", "content_type": 12, "codename": "change_hutfacility"}}, {"model": "auth.permission", "pk": 47, "fields": {"name": "Can delete hut facility", "content_type": 12, "codename": "delete_hutfacility"}}, {"model": "auth.permission", "pk": 48, "fields": {"name": "Can view hut facility", "content_type": 12, "codename": "view_hutfacility"}}, {"model": "auth.permission", "pk": 49, "fields": {"name": "Can add hut hike", "content_type": 13, "codename": "add_huthike"}}, {"model": "auth.permission", "pk": 50, "fields": {"name": "Can change hut hike", "content_type": 13, "codename": "change_huthike"}}, {"model": "auth.permission", "pk": 51, "fields": {"name": "Can delete hut hike", "content_type": 13, "codename": "delete_huthike"}}, {"model": "auth.permission", "pk": 52, "fields": {"name": "Can view hut hike", "content_type": 13, "codename": "view_huthike"}}, {"model": "auth.permission", "pk": 53, "fields": {"name": "Can add hut worker", "content_type": 14, "codename": "add_hutworker"}}, {"model": "auth.permission", "pk": 54, "fields": {"name": "Can change hut worker", "content_type": 14, "codename": "change_hutworker"}}, {"model": "auth.permission", "pk": 55, "fields": {"name": "Can delete hut worker", "content_type": 14, "codename": "delete_hutworker"}}, {"model": "auth.permission", "pk": 56, "fields": {"name": "Can view hut worker", "content_type": 14, "codename": "view_hutworker"}}, {"model": "auth.permission", "pk": 57, "fields": {"name": "Can add parking lot", "content_type": 15, "codename": "add_parkinglot"}}, {"model": "auth.permission", "pk": 58, "fields": {"name": "Can change parking lot", "content_type": 15, "codename": "change_parkinglot"}}, {"model": "auth.permission", "pk": 59, "fields": {"name": "Can delete parking lot", "content_type": 15, "codename": "delete_parkinglot"}}, {"model": "auth.permission", "pk": 60, "fields": {"name": "Can view parking lot", "content_type": 15, "codename": "view_parkinglot"}}, {"model": "auth.permission", "pk": 61, "fields": {"name": "Can add point", "content_type": 16, "codename": "add_point"}}, {"model": "auth.permission", "pk": 62, "fields": {"name": "Can change point", "content_type": 16, "codename": "change_point"}}, {"model": "auth.permission", "pk": 63, "fields": {"name": "Can delete point", "content_type": 16, "codename": "delete_point"}}, {"model": "auth.permission", "pk": 64, "fields": {"name": "Can view point", "content_type": 16, "codename": "view_point"}}, {"model": "auth.permission", "pk": 65, "fields": {"name": "Can add weather alert", "content_type": 17, "codename": "add_weatheralert"}}, {"model": "auth.permission", "pk": 66, "fields": {"name": "Can change weather alert", "content_type": 17, "codename": "change_weatheralert"}}, {"model": "auth.permission", "pk": 67, "fields": {"name": "Can delete weather alert", "content_type": 17, "codename": "delete_weatheralert"}}, {"model": "auth.permission", "pk": 68, "fields": {"name": "Can view weather alert", "content_type": 17, "codename": "view_weatheralert"}}, {"model": "auth.permission", "pk": 69, "fields": {"name": "Can add user hike log", "content_type": 18, "codename": "add_userhikelog"}}, {"model": "auth.permission", "pk": 70, "fields": {"name": "Can change user hike log", "content_type": 18, "codename": "change_userhikelog"}}, {"model": "auth.permission", "pk": 71, "fields": {"name": "Can delete user hike log", "content_type": 18, "codename": "delete_userhikelog"}}, {"model": "auth.permission", "pk": 72, "fields": {"name": "Can view user hike log", "content_type": 18, "codename": "view_userhikelog"}}, {"model": "auth.permission", "pk": 73, "fields": {"name": "Can add auth token", "content_type": 19, "codename": "add_authtoken"}}, {"model": "auth.permission", "pk": 74, "fields": {"name": "Can change auth token", "content_type": 19, "codename": "change_authtoken"}}, {"model": "auth.permission", "pk": 75, "fields": {"name": "Can delete auth token", "content_type": 19, "codename": "delete_authtoken"}}, {"model": "auth.permission", "pk": 76, "fields": {"name": "Can view auth token", "content_type": 19, "codename": "view_authtoken"}}, {"model": "contenttypes.contenttype", "pk": 1, "fields": {"app_label": "admin", "model": "logentry"}}, {"model": "contenttypes.contenttype", "pk": 2, "fields": {"app_label": "auth", "model": "permission"}}, {"model": "contenttypes.contenttype", "pk": 3, "fields": {"app_label": "auth", "model": "group"}}, {"model": "contenttypes.contenttype", "pk": 4, "fields": {"app_label": "contenttypes", "model": "contenttype"}}, {"model": "contenttypes.contenttype", "pk": 5, "fields": {"app_label": "sessions", "model": "session"}}, {"model": "contenttypes.contenttype", "pk": 6, "fields": {"app_label": "hiketracking", "model": "customuser"}}, {"model": "contenttypes.contenttype", "pk": 7, "fields": {"app_label": "hiketracking", "model": "customerprofile"}}, {"model": "contenttypes.contenttype", "pk": 8, "fields": {"app_label": "hiketracking", "model": "facility"}}, {"model": "contenttypes.contenttype", "pk": 9, "fields": {"app_label": "hiketracking", "model": "hike"}}, {"model": "contenttypes.contenttype", "pk": 10, "fields": {"app_label": "hiketracking", "model": "hikereferencepoint"}}, {"model": "contenttypes.contenttype", "pk": 11, "fields": {"app_label": "hiketracking", "model": "hut"}}, {"model": "contenttypes.contenttype", "pk": 12, "fields": {"app_label": "hiketracking", "model": "hutfacility"}}, {"model": "contenttypes.contenttype", "pk": 13, "fields": {"app_label": "hiketracking", "model": "huthike"}}, {"model": "contenttypes.contenttype", "pk": 14, "fields": {"app_label": "hiketracking", "model": "hutworker"}}, {"model": "contenttypes.contenttype", "pk": 15, "fields": {"app_label": "hiketracking", "model": "parkinglot"}}, {"model": "contenttypes.contenttype", "pk": 16, "fields": {"app_label": "hiketracking", "model": "point"}}, {"model": "contenttypes.contenttype", "pk": 17, "fields": {"app_label": "hiketracking", "model": "weatheralert"}}, {"model": "contenttypes.contenttype", "pk": 18, "fields": {"app_label": "hiketracking", "model": "userhikelog"}}, {"model": "contenttypes.contenttype", "pk": 19, "fields": {"app_label": "knox", "model": "authtoken"}}, {"model": "sessions.session", "pk": "0e7b1ct8da4ejc8gbrs4t76fhtozme5c", "fields": {"session_data": ".eJxVjDsOwjAQBe_iGln-IpuSnjNYu-s1DiBbipMq4u4QKQW0b2beJhKsS03r4DlNWVyEEaffDYGe3HaQH9DuXVJvyzyh3BV50CFvPfPrerh_BxVG_dZYDAeni0dnjLPBRS5YdAwUkTJF6zUAeLBZMfqgNdlSsomK4xmCUeL9Afj-OGA:1pDSDw:c47lbpVLRPw6-RsznX37CreS1bwx8jFfWFJf3ZewyRk", "expire_date": "2023-01-19T16:32:08.989"}}, {"model": "sessions.session", "pk": "0f9b7pb28fkfsuj3yzhgj8unrc96f95r", "fields": {"session_data": ".eJxVjDsOwjAQBe_iGln-IpuSnjNYu-s1DiBbipMq4u4QKQW0b2beJhKsS03r4DlNWVyEEaffDYGe3HaQH9DuXVJvyzyh3BV50CFvPfPrerh_BxVG_dZYDAeni0dnjLPBRS5YdAwUkTJF6zUAeLBZMfqgNdlSsomK4xmCUeL9Afj-OGA:1pDSQM:RxXdQsaEb1k2JV7oU151h7YKxC-APXNlJFOOmWfcJkA", "expire_date": "2023-01-19T16:44:58.034"}}, {"model": "sessions.session", "pk": "0negfdzxtk4ultniwznmbq70o6npjf7r", "fields": {"session_data": ".eJxVjDsOwjAQBe_iGln-IpuSnjNYu941DiBbipMq4u4QKQW0b2beJhKsS03r4DlNJC7CitPvhpCf3HZAD2j3LnNvyzyh3BV50CFvnfh1Pdy_gwqjfmsshoPTxaMzxtngIhcsOoYcMVOO1msA8GBJMfqgdbalkImK4xmCUeL9AfmXOGE:1pDRb3:yMnOflzVIoZXW65y3ANymXxlHRMilpLqpcuK-HReHa4", "expire_date": "2023-01-19T15:51:57.463"}}, {"model": "sessions.session", "pk": "0rsnfpwuuh5p33r4iet9tb69ydmc1bdx", "fields": {"session_data": ".eJxVjDsOwjAQBe_iGln-IpuSnjNYu-s1DiBbipMq4u4QKQW0b2beJhKsS03r4DlNWVyEEaffDYGe3HaQH9DuXVJvyzyh3BV50CFvPfPrerh_BxVG_dZYDAeni0dnjLPBRS5YdAwUkTJF6zUAeLBZMfqgNdlSsomK4xmCUeL9Afj-OGA:1pDStw:zal6f_3tmNEBcRIXWBhlbsgXfNgvJT0imB6gXcbR3xM", "expire_date": "2023-01-19T17:15:32.188"}}, {"model": "sessions.session", "pk": "10il6v8ua9s16t09tbalzkr6tcbd18x6", "fields": {"session_data": ".eJxVjDsOwjAQBe_iGln-IpuSnjNYu-s1DiBbipMq4u4QKQW0b2beJhKsS03r4DlNWVyEEaffDYGe3HaQH9DuXVJvyzyh3BV50CFvPfPrerh_BxVG_dZYDAeni0dnjLPBRS5YdAwUkTJF6zUAeLBZMfqgNdlSsomK4xmCUeL9Afj-OGA:1pDRMv:wA3x3nU2Pes-Zti76dAMvrDg253Af5mY-c2dnRUAZgI", "expire_date": "2023-01-19T15:37:21.238"}}, {"model": "sessions.session", "pk": "16pmi0vabhpiwfjw500gkp9jifiia2q4", "fields": {"session_data": ".eJxVjDsOwjAQBe_iGln-IpuSnjNYu-s1DiBbipMq4u4QKQW0b2beJhKsS03r4DlNWVyEEaffDYGe3HaQH9DuXVJvyzyh3BV50CFvPfPrerh_BxVG_dZYDAeni0dnjLPBRS5YdAwUkTJF6zUAeLBZMfqgNdlSsomK4xmCUeL9Afj-OGA:1pDSn9:nFGX3uYYtaswclqzkJ12ouO50uZLx2yXz0Hj7ZcR0J0", "expire_date": "2023-01-19T17:08:31.934"}}, {"model": "sessions.session", "pk": "1sk39waeplv2l2m85chlxvc36ilmqx8b", "fields": {"session_data": ".eJxVjDsOwjAQBe_iGln-IpuSnjNYu-s1DiBbipMq4u4QKQW0b2beJhKsS03r4DlNWVyEEaffDYGe3HaQH9DuXVJvyzyh3BV50CFvPfPrerh_BxVG_dZYDAeni0dnjLPBRS5YdAwUkTJF6zUAeLBZMfqgNdlSsomK4xmCUeL9Afj-OGA:1pDSMa:BFDSbv5LkxzrwU6i2QdiB1ehyr5uLVr9wfUxJXvh9sU", "expire_date": "2023-01-19T16:41:04.664"}}, {"model": "sessions.session", "pk": "1u17tm0a8328hjsu09l3hc3dq6uoxqpp", "fields": {"session_data": ".eJxVjDsOwjAQBe_iGln-IpuSnjNYu-s1DiBbipMq4u4QKQW0b2beJhKsS03r4DlNWVyEEaffDYGe3HaQH9DuXVJvyzyh3BV50CFvPfPrerh_BxVG_dZYDAeni0dnjLPBRS5YdAwUkTJF6zUAeLBZMfqgNdlSsomK4xmCUeL9Afj-OGA:1pCmOv:OxzY0fH84nU5NQplgYg8zXEqoGmQeBizsFcLD8QYQT4", "expire_date": "2023-01-17T18:52:41.309"}}, {"model": "sessions.session", "pk": "1xfpdmdq87xaiuikdgg43djmekcv8gpf", "fields": {"session_data": ".eJxVjDsOwjAQBe_iGln-IpuSnjNYu-s1DiBbipMq4u4QKQW0b2beJhKsS03r4DlNWVyEFqffDYGe3HaQH9DuXVJvyzyh3BV50CFvPfPrerh_BxVG_dZYDAeni0dnjLPBRS5YdAwUkTJF6zUAeLBZMfqgNdlSsomK4xmCUeL9AfhlOF8:1pD7cG:0anu4rrF4VmJMRrKIsBJ9hVUBXWI7b1BytqhnjzHv-c", "expire_date": "2023-01-18T17:31:52.263"}}, {"model": "sessions.session", "pk": "2g7mr4l7z8b59i9enc8z0w6dx9rqnctc", "fields": {"session_data": ".eJxVjDsOwjAQBe_iGln-IpuSnjNYu-s1DiBbipMq4u4QKQW0b2beJhKsS03r4DlNWVyEEaffDYGe3HaQH9DuXVJvyzyh3BV50CFvPfPrerh_BxVG_dZYDAeni0dnjLPBRS5YdAwUkTJF6zUAeLBZMfqgNdlSsomK4xmCUeL9Afj-OGA:1pDSNL:9YMX09Gkaz_WmKZe_9YBJlAsT7zY1WmofmZS_TdwVlU", "expire_date": "2023-01-19T16:41:51.349"}}, {"model": "sessions.session", "pk": "2gam5e0vdxejgck5rawaowti1yuxabqk", "fields": {"session_data": ".eJxVjDsOwjAQBe_iGln-IpuSnjNYu-s1DiBbipMq4u4QKQW0b2beJhKsS03r4DlNWVyEEaffDYGe3HaQH9DuXVJvyzyh3BV50CFvPfPrerh_BxVG_dZYDAeni0dnjLPBRS5YdAwUkTJF6zUAeLBZMfqgNdlSsomK4xmCUeL9Afj-OGA:1pDStT:4aDmUxIesHjBVUIHA9vHgPN4pL_qBxtoHZ-JwRDWLS0", "expire_date": "2023-01-19T17:15:03.922"}}, {"model": "sessions.session", "pk": "2h7spx03ek6gmb95fz7z79iy21kcknrm", "fields": {"session_data": ".eJxVjDsOwjAQBe_iGln-IpuSnjNYu-s1DiBbipMq4u4QKQW0b2beJhKsS03r4DlNWVyEEaffDYGe3HaQH9DuXVJvyzyh3BV50CFvPfPrerh_BxVG_dZYDAeni0dnjLPBRS5YdAwUkTJF6zUAeLBZMfqgNdlSsomK4xmCUeL9Afj-OGA:1pDQcB:NaNOTXiyg40bH2n18vBBqCP0Aa_I-BRkMp8bB6ley3s", "expire_date": "2023-01-19T14:49:03.127"}}, {"model": "sessions.session", "pk": "2lj352ehhudvq8vhhh4kmo0sgpnr1tsq", "fields": {"session_data": ".eJxVjDsOwjAQBe_iGln-IpuSnjNYu941DiBbipMq4u4QKQW0b2beJhKsS03r4DlNJC7CitPvhpCf3HZAD2j3LnNvyzyh3BV50CFvnfh1Pdy_gwqjfmsshoPTxaMzxtngIhcsOoYcMVOO1msA8GBJMfqgdbalkImK4xmCUeL9AfmXOGE:1pDRht:yl3mu5EHc-oLhSKNVIQ-3cFLucoExNIRo-ytb010YZc", "expire_date": "2023-01-19T15:59:01.309"}}, {"model": "sessions.session", "pk": "32jdt4yv8g1txlxchcxkfle5da42zs5i", "fields": {"session_data": ".eJxVjDsOwjAQBe_iGln-IpuSnjNYu-s1DiBbipMq4u4QKQW0b2beJhKsS03r4DlNWVyEEaffDYGe3HaQH9DuXVJvyzyh3BV50CFvPfPrerh_BxVG_dZYDAeni0dnjLPBRS5YdAwUkTJF6zUAeLBZMfqgNdlSsomK4xmCUeL9Afj-OGA:1pDSBm:GG2fGB1dWmrxgaCUc9zR122utmfvBMjWHz3RebMXWqo", "expire_date": "2023-01-19T16:29:54.101"}}, {"model": "sessions.session", "pk": "3bzvcllbsxe9egx8rsuney1g8s400dis", "fields": {"session_data": ".eJxVjDsOwjAQBe_iGln-IpuSnjNYu941DiBbipMq4u4QKQW0b2beJhKsS03r4DlNJC7CitPvhpCf3HZAD2j3LnNvyzyh3BV50CFvnfh1Pdy_gwqjfmsshoPTxaMzxtngIhcsOoYcMVOO1msA8GBJMfqgdbalkImK4xmCUeL9AfmXOGE:1pDRjG:txIaM3_h_4UbFDj4lT1Zul91XCsVT02QJFxrjal4HdE", "expire_date": "2023-01-19T16:00:26.180"}}, {"model": "sessions.session", "pk": "3e23lw3lilygei3964x494uazewzk0wc", "fields": {"session_data": ".eJxVjDsOwjAQBe_iGln-IpuSnjNYu-s1DiBbipMq4u4QKQW0b2beJhKsS03r4DlNWVyEEaffDYGe3HaQH9DuXVJvyzyh3BV50CFvPfPrerh_BxVG_dZYDAeni0dnjLPBRS5YdAwUkTJF6zUAeLBZMfqgNdlSsomK4xmCUeL9Afj-OGA:1pDSE2:E68tJ_qeOw7Px404knUxHEscFnR4WM5-YvpP5Yxa3sM", "expire_date": "2023-01-19T16:32:14.459"}}, {"model": "sessions.session", "pk": "3l0o6a0i9vtvqej9ycc6me7a6u9wo6ox", "fields": {"session_data": ".eJxVjDsOwjAQBe_iGln-IpuSnjNYu-s1DiBbipMq4u4QKQW0b2beJhKsS03r4DlNWVyEEaffDYGe3HaQH9DuXVJvyzyh3BV50CFvPfPrerh_BxVG_dZYDAeni0dnjLPBRS5YdAwUkTJF6zUAeLBZMfqgNdlSsomK4xmCUeL9Afj-OGA:1pDSNS:oge855YPRtQdiUj7qhZuy6jzFSnBrkrcqoSBxwt3g5g", "expire_date": "2023-01-19T16:41:58.397"}}, {"model": "sessions.session", "pk": "3l0oeziih6maw9n0e71at8vlmdvwx5ec", "fields": {"session_data": ".eJxVjDsOwjAQBe_iGln-IpuSnjNYu-s1DiBbipMq4u4QKQW0b2beJhKsS03r4DlNWVyEEaffDYGe3HaQH9DuXVJvyzyh3BV50CFvPfPrerh_BxVG_dZYDAeni0dnjLPBRS5YdAwUkTJF6zUAeLBZMfqgNdlSsomK4xmCUeL9Afj-OGA:1pDSli:kORvQoBl1otcrchl60x0dJAXZJmkEbcXVefq3_n3JQw", "expire_date": "2023-01-19T17:07:02.651"}}, {"model": "sessions.session", "pk": "3npw7b4gm9t99dqaxz99fi8ck7u2t0ch", "fields": {"session_data": ".eJxVjDsOwjAQBe_iGln-IpuSnjNYu-s1DiBbipMq4u4QKQW0b2beJhKsS03r4DlNWVyEEaffDYGe3HaQH9DuXVJvyzyh3BV50CFvPfPrerh_BxVG_dZYDAeni0dnjLPBRS5YdAwUkTJF6zUAeLBZMfqgNdlSsomK4xmCUeL9Afj-OGA:1pDSOD:lxxBQ8XUQP2tn81NZovjzqRj3cVJEnDGtlcOOrGitXc", "expire_date": "2023-01-19T16:42:45.875"}}, {"model": "sessions.session", "pk": "3xwf5t9rojerxzvis6mdne7ybcxz9014", "fields": {"session_data": ".eJxVjDsOwjAQBe_iGln-IpuSnjNYu941DiBbipMq4u4QKQW0b2beJhKsS03r4DlNJC7CitPvhpCf3HZAD2j3LnNvyzyh3BV50CFvnfh1Pdy_gwqjfmsshoPTxaMzxtngIhcsOoYcMVOO1msA8GBJMfqgdbalkImK4xmCUeL9AfmXOGE:1pDRVP:1kU48PXpwGwZ79r0H6UYjbXcjjgQWw-W20z0IpuZC5M", "expire_date": "2023-01-19T15:46:07.816"}}, {"model": "sessions.session", "pk": "47oev0ltpyxgyv3t8celf4efvhk877jj", "fields": {"session_data": ".eJxVjDsOwjAQBe_iGln-IpuSnjNYu-s1DiBbipMq4u4QKQW0b2beJhKsS03r4DlNWVyEEaffDYGe3HaQH9DuXVJvyzyh3BV50CFvPfPrerh_BxVG_dZYDAeni0dnjLPBRS5YdAwUkTJF6zUAeLBZMfqgNdlSsomK4xmCUeL9Afj-OGA:1pDSN5:Hd7DHZyGtYJIRO4KnOTfHK__DcLXqKiKmYrmwo0xVaE", "expire_date": "2023-01-19T16:41:35.001"}}, {"model": "sessions.session", "pk": "495vzcgjmj6tqm2w5ho9e56zdqseakwl", "fields": {"session_data": ".eJxVjDsOwjAQBe_iGln-IpuSnjNYu-s1DiBbipMq4u4QKQW0b2beJhKsS03r4DlNWVyEEaffDYGe3HaQH9DuXVJvyzyh3BV50CFvPfPrerh_BxVG_dZYDAeni0dnjLPBRS5YdAwUkTJF6zUAeLBZMfqgNdlSsomK4xmCUeL9Afj-OGA:1pDR45:1JjCzdZAIRxWrFyyA-mqCL8nE8bUOBsOqLIoHhvdA9M", "expire_date": "2023-01-19T15:17:53.448"}}, {"model": "sessions.session", "pk": "4exb8c15frm388al7ozwu3q0vvky0xdi", "fields": {"session_data": ".eJxVjDsOwjAQBe_iGln-IpuSnjNYu-s1DiBbipMq4u4QKQW0b2beJhKsS03r4DlNWVyEEaffDYGe3HaQH9DuXVJvyzyh3BV50CFvPfPrerh_BxVG_dZYDAeni0dnjLPBRS5YdAwUkTJF6zUAeLBZMfqgNdlSsomK4xmCUeL9Afj-OGA:1pDRaL:C242jIV8v3iBwEZFJzSPSC3ohWYju2zIrK4UG8CBpz0", "expire_date": "2023-01-19T15:51:13.221"}}, {"model": "sessions.session", "pk": "4i0oivuyeaq5ifbh8ap80vi1k6q87uf9", "fields": {"session_data": ".eJxVjDsOwjAQBe_iGln-IpuSnjNYu941DiBbipMq4u4QKQW0b2beJhKsS03r4DlNJC7CitPvhpCf3HZAD2j3LnNvyzyh3BV50CFvnfh1Pdy_gwqjfmsshoPTxaMzxtngIhcsOoYcMVOO1msA8GBJMfqgdbalkImK4xmCUeL9AfmXOGE:1pDRiq:RhMSlBO8y2E4CMGipSgPKSj4CZzw7JVMvVlQkpnIR1w", "expire_date": "2023-01-19T16:00:00.580"}}, {"model": "sessions.session", "pk": "4mxvt659d4hu1faxpkhxghh0uulwuz0e", "fields": {"session_data": ".eJxVjDsOwjAQBe_iGln-IpuSnjNYu-s1DiBbipMq4u4QKQW0b2beJhKsS03r4DlNWVyEEaffDYGe3HaQH9DuXVJvyzyh3BV50CFvPfPrerh_BxVG_dZYDAeni0dnjLPBRS5YdAwUkTJF6zUAeLBZMfqgNdlSsomK4xmCUeL9Afj-OGA:1pDSO8:mCDKv9cWjGTQs05HCVdIVJYxnzGhVG9PDyY8PnoyY20", "expire_date": "2023-01-19T16:42:40.334"}}, {"model": "sessions.session", "pk": "4uv7dz6j4l5ldxn2b2hkboa4teyqg3oh", "fields": {"session_data": ".eJxVjDsOwjAQBe_iGln-IpuSnjNYu-s1DiBbipMq4u4QKQW0b2beJhKsS03r4DlNWVyEEaffDYGe3HaQH9DuXVJvyzyh3BV50CFvPfPrerh_BxVG_dZYDAeni0dnjLPBRS5YdAwUkTJF6zUAeLBZMfqgNdlSsomK4xmCUeL9Afj-OGA:1pDmun:nNNB4PPtRiqmIHfVCsI3MD3AXBuh_3qx2qpvRkg0tGQ", "expire_date": "2023-01-20T14:37:45.273"}}, {"model": "sessions.session", "pk": "4ymdm5pnxj64gp2s4diw2471nsfzf4ro", "fields": {"session_data": ".eJxVjDsOwjAQBe_iGln-IpuSnjNYu-s1DiBbipMq4u4QKQW0b2beJhKsS03r4DlNWVyEFqffDYGe3HaQH9DuXVJvyzyh3BV50CFvPfPrerh_BxVG_dZYDAeni0dnjLPBRS5YdAwUkTJF6zUAeLBZMfqgNdlSsomK4xmCUeL9AfhlOF8:1pDPUB:sTOiClpdniLQIPs8EC3k3oyLZZKbGvYRRU501mKbp8k", "expire_date": "2023-01-19T13:36:43.096"}}, {"model": "sessions.session", "pk": "5fmj8ychdj3pztonuoe8hsfqu195z2cp", "fields": {"session_data": ".eJxVjDsOwjAQBe_iGln-IpuSnjNYu-s1DiBbipMq4u4QKQW0b2beJhKsS03r4DlNWVyEEaffDYGe3HaQH9DuXVJvyzyh3BV50CFvPfPrerh_BxVG_dZYDAeni0dnjLPBRS5YdAwUkTJF6zUAeLBZMfqgNdlSsomK4xmCUeL9Afj-OGA:1pDRZb:m25LCz7sJFeU8rOZSnftz3VpVpp9JYOtj9El8TT3fU4", "expire_date": "2023-01-19T15:50:27.092"}}, {"model": "sessions.session", "pk": "5uhah3ton2fcgxa10xsh4pbqwt3rb1yu", "fields": {"session_data": ".eJxVjDsOwjAQBe_iGln-IpuSnjNYu-s1DiBbipMq4u4QKQW0b2beJhKsS03r4DlNWVyEEaffDYGe3HaQH9DuXVJvyzyh3BV50CFvPfPrerh_BxVG_dZYDAeni0dnjLPBRS5YdAwUkTJF6zUAeLBZMfqgNdlSsomK4xmCUeL9Afj-OGA:1pDSm6:jeR0LzPfvZfwLAOyjfKa_7av4Rr3sU75EO83TjngkEc", "expire_date": "2023-01-19T17:07:26.105"}}, {"model": "sessions.session", "pk": "5wpmezv91ffc6t3rfdnp31378uzxlktq", "fields": {"session_data": ".eJxVjDsOwjAQBe_iGln-IpuSnjNYu-s1DiBbipMq4u4QKQW0b2beJhKsS03r4DlNWVyEEaffDYGe3HaQH9DuXVJvyzyh3BV50CFvPfPrerh_BxVG_dZYDAeni0dnjLPBRS5YdAwUkTJF6zUAeLBZMfqgNdlSsomK4xmCUeL9Afj-OGA:1pDSt5:KJEvC-gtEBvbRViPLiNmmZaVC9Dqah1dVc1EsLa1T5Y", "expire_date": "2023-01-19T17:14:39.161"}}, {"model": "sessions.session", "pk": "69mcozfoijc29z0abxyd1rxhovjbj5r1", "fields": {"session_data": ".eJxVjDsOwjAQBe_iGln-IpuSnjNYu-s1DiBbipMq4u4QKQW0b2beJhKsS03r4DlNWVyEEaffDYGe3HaQH9DuXVJvyzyh3BV50CFvPfPrerh_BxVG_dZYDAeni0dnjLPBRS5YdAwUkTJF6zUAeLBZMfqgNdlSsomK4xmCUeL9Afj-OGA:1pDRfH:i6EoCwg5aj4_uLdNiSovQ8Aa3r3ms7Ty27jgm55Gb2w", "expire_date": "2023-01-19T15:56:19.775"}}, {"model": "sessions.session", "pk": "6vpanvdn6t1hg777r2s1kx595vrma66e", "fields": {"session_data": ".eJxVjDsOwjAQBe_iGln-IpuSnjNYu941DiBbipMq4u4QKQW0b2beJhKsS03r4DlNJC7CitPvhpCf3HZAD2j3LnNvyzyh3BV50CFvnfh1Pdy_gwqjfmsshoPTxaMzxtngIhcsOoYcMVOO1msA8GBJMfqgdbalkImK4xmCUeL9AfmXOGE:1pD8AY:R8NyHgO-9o2XdHFn4fDXEgRoVDP1Q42DfIYNH_7ljAE", "expire_date": "2023-01-18T18:07:18.088"}}, {"model": "sessions.session", "pk": "6xnvfleyms1o4nim6glb70zvl8tchbyw", "fields": {"session_data": ".eJxVjDsOwjAQBe_iGln-IpuSnjNYu-s1DiBbipMq4u4QKQW0b2beJhKsS03r4DlNWVyEEaffDYGe3HaQH9DuXVJvyzyh3BV50CFvPfPrerh_BxVG_dZYDAeni0dnjLPBRS5YdAwUkTJF6zUAeLBZMfqgNdlSsomK4xmCUeL9Afj-OGA:1pDRfX:9GBf6ajEt0YcnBVq2S2hkhczIS5GyN6MFKwih4wUVXk", "expire_date": "2023-01-19T15:56:35.903"}}, {"model": "sessions.session", "pk": "6z0vdggd77r9aw5pmmls07i4bjtk90so", "fields": {"session_data": ".eJxVjDsOwjAQBe_iGln-IpuSnjNYu-s1DiBbipMq4u4QKQW0b2beJhKsS03r4DlNWVyEEaffDYGe3HaQH9DuXVJvyzyh3BV50CFvPfPrerh_BxVG_dZYDAeni0dnjLPBRS5YdAwUkTJF6zUAeLBZMfqgNdlSsomK4xmCUeL9Afj-OGA:1pDSPo:ZynuXbRYjM97iD0MOE9Qjgran3XZxOxOk4sP4ZYL8mw", "expire_date": "2023-01-19T16:44:24.164"}}, {"model": "sessions.session", "pk": "71gxauqgkwbmewwu3qy7kvqm5y8rcxgh", "fields": {"session_data": ".eJxVjDsOwjAQBe_iGln-IpuSnjNYu-s1DiBbipMq4u4QKQW0b2beJhKsS03r4DlNWVyEEaffDYGe3HaQH9DuXVJvyzyh3BV50CFvPfPrerh_BxVG_dZYDAeni0dnjLPBRS5YdAwUkTJF6zUAeLBZMfqgNdlSsomK4xmCUeL9Afj-OGA:1pDSPK:b92GC7Ad7fw_tW78vTLgmNQ5_GGjfUYPHRyLUchAkjM", "expire_date": "2023-01-19T16:43:54.303"}}, {"model": "sessions.session", "pk": "727zx1ls054627f2cfdlrro5n2xl497b", "fields": {"session_data": ".eJxVjDsOwjAQBe_iGln-IpuSnjNYu-s1DiBbipMq4u4QKQW0b2beJhKsS03r4DlNWVyEEaffDYGe3HaQH9DuXVJvyzyh3BV50CFvPfPrerh_BxVG_dZYDAeni0dnjLPBRS5YdAwUkTJF6zUAeLBZMfqgNdlSsomK4xmCUeL9Afj-OGA:1pDSOK:-ELp8eF1khQYWMtFkWtG7weZDtCmjYb22Y2auQ7dvUI", "expire_date": "2023-01-19T16:42:52.911"}}, {"model": "sessions.session", "pk": "7419ekay4uug7tt9nee2ql717t0diobb", "fields": {"session_data": ".eJxVjDsOwjAQBe_iGln-IpuSnjNYu-s1DiBbipMq4u4QKQW0b2beJhKsS03r4DlNWVyEEaffDYGe3HaQH9DuXVJvyzyh3BV50CFvPfPrerh_BxVG_dZYDAeni0dnjLPBRS5YdAwUkTJF6zUAeLBZMfqgNdlSsomK4xmCUeL9Afj-OGA:1pDSwL:FCtaFgkY9bC40xhmkfDAPaNKZxfnyHD2_v69LBITloE", "expire_date": "2023-01-19T17:18:01.770"}}, {"model": "sessions.session", "pk": "7487ute1j8sni66h0tb4661tqfg1yr0h", "fields": {"session_data": ".eJxVjDsOwjAQBe_iGln-IpuSnjNYu-s1DiBbipMq4u4QKQW0b2beJhKsS03r4DlNWVyEEaffDYGe3HaQH9DuXVJvyzyh3BV50CFvPfPrerh_BxVG_dZYDAeni0dnjLPBRS5YdAwUkTJF6zUAeLBZMfqgNdlSsomK4xmCUeL9Afj-OGA:1pDSBz:dEz9VZLjaQET_y7ucpXMiX_wWpjc9wrXfJBg--znTC4", "expire_date": "2023-01-19T16:30:07.526"}}, {"model": "sessions.session", "pk": "7ggu7h79vxo1iyatkpyhe99njvbl8vgt", "fields": {"session_data": ".eJxVjDsOwjAQBe_iGln-IpuSnjNYu941DiBbipMq4u4QKQW0b2beJhKsS03r4DlNJC7CitPvhpCf3HZAD2j3LnNvyzyh3BV50CFvnfh1Pdy_gwqjfmsshoPTxaMzxtngIhcsOoYcMVOO1msA8GBJMfqgdbalkImK4xmCUeL9AfmXOGE:1pDRvM:58okIKtSHm4pm3xUDOD_UG5Jx5nZTH25_q7FLaZKkMw", "expire_date": "2023-01-19T16:12:56.209"}}, {"model": "sessions.session", "pk": "7jwtyosoa85gj4ers0sb9c3inhkwvo3o", "fields": {"session_data": ".eJxVjDsOwjAQBe_iGln-IpuSnjNYu941DiBbipMq4u4QKQW0b2beJhKsS03r4DlNJC7CitPvhpCf3HZAD2j3LnNvyzyh3BV50CFvnfh1Pdy_gwqjfmsshoPTxaMzxtngIhcsOoYcMVOO1msA8GBJMfqgdbalkImK4xmCUeL9AfmXOGE:1pDRU9:0gJycUGq12BPco02Zvo19lRrY34YtpHCU0iNbiOvWOI", "expire_date": "2023-01-19T15:44:49.042"}}, {"model": "sessions.session", "pk": "7uhm8j8z9kbiu9cb6rjstnlt8lr2v52q", "fields": {"session_data": ".eJxVjDsOwjAQBe_iGln-IpuSnjNYu-s1DiBbipMq4u4QKQW0b2beJhKsS03r4DlNWVyEEaffDYGe3HaQH9DuXVJvyzyh3BV50CFvPfPrerh_BxVG_dZYDAeni0dnjLPBRS5YdAwUkTJF6zUAeLBZMfqgNdlSsomK4xmCUeL9Afj-OGA:1pDRaA:255hYvAkGlqc157hLUAc7z8KPM_lPH-vn-5BVsqZ_OA", "expire_date": "2023-01-19T15:51:02.428"}}, {"model": "sessions.session", "pk": "7voeuf2uhg78bcuw9efr201r9j151p02", "fields": {"session_data": ".eJxVjDsOwjAQBe_iGln-IpuSnjNYu-s1DiBbipMq4u4QKQW0b2beJhKsS03r4DlNWVyEEaffDYGe3HaQH9DuXVJvyzyh3BV50CFvPfPrerh_BxVG_dZYDAeni0dnjLPBRS5YdAwUkTJF6zUAeLBZMfqgNdlSsomK4xmCUeL9Afj-OGA:1pDRlL:SXzFrm83vqegfY1w53MIw8rTTEl2G-0o0OLEEoRVkl8", "expire_date": "2023-01-19T16:02:35.294"}}, {"model": "sessions.session", "pk": "7xlxjrciuqck1h818i71k2ccckqi3v1l", "fields": {"session_data": ".eJxVjDsOwjAQBe_iGln-IpuSnjNYu-s1DiBbipMq4u4QKQW0b2beJhKsS03r4DlNWVyEEaffDYGe3HaQH9DuXVJvyzyh3BV50CFvPfPrerh_BxVG_dZYDAeni0dnjLPBRS5YdAwUkTJF6zUAeLBZMfqgNdlSsomK4xmCUeL9Afj-OGA:1pDRjM:WX6pQ9gNJFOZlcjZm7bRc8JrRjYkrppIH03oUfxDyCA", "expire_date": "2023-01-19T16:00:32.272"}}, {"model": "sessions.session", "pk": "7y5gwryvsl5nil8c2kocn7q4a3rnos6t", "fields": {"session_data": ".eJxVjDsOwjAQBe_iGln-IpuSnjNYu-s1DiBbipMq4u4QKQW0b2beJhKsS03r4DlNWVyEEaffDYGe3HaQH9DuXVJvyzyh3BV50CFvPfPrerh_BxVG_dZYDAeni0dnjLPBRS5YdAwUkTJF6zUAeLBZMfqgNdlSsomK4xmCUeL9Afj-OGA:1pDRTn:AxLmVTz69-Czke2ugQeGep0TW97Ajqxan7ZoFz6HmQk", "expire_date": "2023-01-19T15:44:27.401"}}, {"model": "sessions.session", "pk": "7yhtezdkcikvxr6vo28yu2a836vgmpwr", "fields": {"session_data": ".eJxVjDsOwjAQBe_iGln-IpuSnjNYu941DiBbipMq4u4QKQW0b2beJhKsS03r4DlNJC7CitPvhpCf3HZAD2j3LnNvyzyh3BV50CFvnfh1Pdy_gwqjfmsshoPTxaMzxtngIhcsOoYcMVOO1msA8GBJMfqgdbalkImK4xmCUeL9AfmXOGE:1pDRyU:xyvP_6hCBUGH_rfiFFp2fq6bEwgycWtUlTGYTV5bltg", "expire_date": "2023-01-19T16:16:10.641"}}, {"model": "sessions.session", "pk": "7zuswkb6hkycs7a8phhse96dnr1c91n5", "fields": {"session_data": ".eJxVjDsOwjAQBe_iGln-IpuSnjNYu941DiBbipMq4u4QKQW0b2beJhKsS03r4DlNJC7CitPvhpCf3HZAD2j3LnNvyzyh3BV50CFvnfh1Pdy_gwqjfmsshoPTxaMzxtngIhcsOoYcMVOO1msA8GBJMfqgdbalkImK4xmCUeL9AfmXOGE:1pDRWy:hu-f4afVDO3_ukQ75TdSu0nhsxBFzOXqCw3FrjvJRYQ", "expire_date": "2023-01-19T15:47:44.608"}}, {"model": "sessions.session", "pk": "845pllicxxk4acrbnitv6lelfsrkaash", "fields": {"session_data": ".eJxVjDsOwjAQBe_iGln-IpuSnjNYu-s1DiBbipMq4u4QKQW0b2beJhKsS03r4DlNWVyEEaffDYGe3HaQH9DuXVJvyzyh3BV50CFvPfPrerh_BxVG_dZYDAeni0dnjLPBRS5YdAwUkTJF6zUAeLBZMfqgNdlSsomK4xmCUeL9Afj-OGA:1pDSFg:iSMjP84vIbI8UFOc7gPUKXugREWJJLk-KREW2ll2FAo", "expire_date": "2023-01-19T16:33:56.812"}}, {"model": "sessions.session", "pk": "86clkmhmhfdq2p0r5hocrvkv3b752rym", "fields": {"session_data": ".eJxVjDsOwjAQBe_iGln-IpuSnjNYu-s1DiBbipMq4u4QKQW0b2beJhKsS03r4DlNWVyEEaffDYGe3HaQH9DuXVJvyzyh3BV50CFvPfPrerh_BxVG_dZYDAeni0dnjLPBRS5YdAwUkTJF6zUAeLBZMfqgNdlSsomK4xmCUeL9Afj-OGA:1pDSNf:0PUabMw24VtLP9fcwHyFa78Sq_amqP1v07qg9NvTcOc", "expire_date": "2023-01-19T16:42:11.105"}}, {"model": "sessions.session", "pk": "8a4abl5une9ikmbjaqqs3p5zs208qwix", "fields": {"session_data": ".eJxVjDsOwjAQBe_iGln-IpuSnjNYu-s1DiBbipMq4u4QKQW0b2beJhKsS03r4DlNWVyEEaffDYGe3HaQH9DuXVJvyzyh3BV50CFvPfPrerh_BxVG_dZYDAeni0dnjLPBRS5YdAwUkTJF6zUAeLBZMfqgNdlSsomK4xmCUeL9Afj-OGA:1pDSOY:MgavxAL8sp2i4Rt23AKkEXnz6MMGCARSX9PgVnH1eZ8", "expire_date": "2023-01-19T16:43:06.717"}}, {"model": "sessions.session", "pk": "8bsnzogyp5tmag2falgbkovo74873dux", "fields": {"session_data": ".eJxVjDsOwjAQBe_iGln-IpuSnjNYu941DiBbipMq4u4QKQW0b2beJhKsS03r4DlNJC7CitPvhpCf3HZAD2j3LnNvyzyh3BV50CFvnfh1Pdy_gwqjfmsshoPTxaMzxtngIhcsOoYcMVOO1msA8GBJMfqgdbalkImK4xmCUeL9AfmXOGE:1pDRyK:idIh-Wwk32pvK88IBw67GXhG37VmnbN2ssPX-Cc7KF8", "expire_date": "2023-01-19T16:16:00.741"}}, {"model": "sessions.session", "pk": "8e7nit02c0gddi90resd0g5wt1ptagp9", "fields": {"session_data": ".eJxVjDsOwjAQBe_iGln-IpuSnjNYu-s1DiBbipMq4u4QKQW0b2beJhKsS03r4DlNWVyEEaffDYGe3HaQH9DuXVJvyzyh3BV50CFvPfPrerh_BxVG_dZYDAeni0dnjLPBRS5YdAwUkTJF6zUAeLBZMfqgNdlSsomK4xmCUeL9Afj-OGA:1pDSrx:RfdDlaHIxEVeuOL9s9ywrZjY-3DHRskE1Zoo2olytzo", "expire_date": "2023-01-19T17:13:29.599"}}, {"model": "sessions.session", "pk": "8krwlqdk5rt3bdkreljhl76u8z3l26av", "fields": {"session_data": ".eJxVjDsOwjAQBe_iGln-IpuSnjNYu-s1DiBbipMq4u4QKQW0b2beJhKsS03r4DlNWVyEEaffDYGe3HaQH9DuXVJvyzyh3BV50CFvPfPrerh_BxVG_dZYDAeni0dnjLPBRS5YdAwUkTJF6zUAeLBZMfqgNdlSsomK4xmCUeL9Afj-OGA:1pDSB6:Mi_6G2zF6ywv8f6RqcPTfwCo0ylacOgqw-oLamjr8do", "expire_date": "2023-01-19T16:29:12.955"}}, {"model": "sessions.session", "pk": "8szg9nmulgpwtcw3t8byqhxzfk7tzrp1", "fields": {"session_data": ".eJxVjDsOwjAQBe_iGln-IpuSnjNYu-s1DiBbipMq4u4QKQW0b2beJhKsS03r4DlNWVyEEaffDYGe3HaQH9DuXVJvyzyh3BV50CFvPfPrerh_BxVG_dZYDAeni0dnjLPBRS5YdAwUkTJF6zUAeLBZMfqgNdlSsomK4xmCUeL9Afj-OGA:1pDSNX:A-IFCblEpL8O0A7zzxWHEFQBi6ya9QRmZiACQZ0unHA", "expire_date": "2023-01-19T16:42:03.536"}}, {"model": "sessions.session", "pk": "8viy2dxoaer69i6fkpy7zealsg01pgma", "fields": {"session_data": ".eJxVjDsOwjAQBe_iGln-IpuSnjNYu-s1DiBbipMq4u4QKQW0b2beJhKsS03r4DlNWVyEEaffDYGe3HaQH9DuXVJvyzyh3BV50CFvPfPrerh_BxVG_dZYDAeni0dnjLPBRS5YdAwUkTJF6zUAeLBZMfqgNdlSsomK4xmCUeL9Afj-OGA:1pDSdo:wOBROYS75cK38WXims6XOrZKV4hUsQT2cc89An3YaCc", "expire_date": "2023-01-19T16:58:52.703"}}, {"model": "sessions.session", "pk": "8vnbj1joievdsm1mx5qkg2n5bhz0d6fg", "fields": {"session_data": ".eJxVjDsOwjAQBe_iGln-IpuSnjNYu-s1DiBbipMq4u4QKQW0b2beJhKsS03r4DlNWVyEEaffDYGe3HaQH9DuXVJvyzyh3BV50CFvPfPrerh_BxVG_dZYDAeni0dnjLPBRS5YdAwUkTJF6zUAeLBZMfqgNdlSsomK4xmCUeL9Afj-OGA:1pDSFb:r9nRmDLOb3UPfhPbY6N-siSFOYCleC_AFO6i5dDB_Ws", "expire_date": "2023-01-19T16:33:51.030"}}, {"model": "sessions.session", "pk": "95misup1tz7lqodrcm9e56oo17hl27ma", "fields": {"session_data": ".eJxVjDsOwjAQBe_iGln-IpuSnjNYu-s1DiBbipMq4u4QKQW0b2beJhKsS03r4DlNWVyEEaffDYGe3HaQH9DuXVJvyzyh3BV50CFvPfPrerh_BxVG_dZYDAeni0dnjLPBRS5YdAwUkTJF6zUAeLBZMfqgNdlSsomK4xmCUeL9Afj-OGA:1pDRl2:xU2qPITEMFfKrGwr8qc_LdxTIU96lDxwdgw4peALguQ", "expire_date": "2023-01-19T16:02:16.312"}}, {"model": "sessions.session", "pk": "96q662rsh7pj28597b0nn6sa9tonl42g", "fields": {"session_data": ".eJxVjDsOwjAQBe_iGln-IpuSnjNYu-s1DiBbipMq4u4QKQW0b2beJhKsS03r4DlNWVyEEaffDYGe3HaQH9DuXVJvyzyh3BV50CFvPfPrerh_BxVG_dZYDAeni0dnjLPBRS5YdAwUkTJF6zUAeLBZMfqgNdlSsomK4xmCUeL9Afj-OGA:1pDSmW:Ge6BctDSrEcNaGb92PfJ0DTV52Tx39B--8fYdowU4V4", "expire_date": "2023-01-19T17:07:52.436"}}, {"model": "sessions.session", "pk": "9b13s9lu4rr5cc96wreuj2zh84a9b8mb", "fields": {"session_data": ".eJxVjDsOwjAQBe_iGln-IpuSnjNYu-s1DiBbipMq4u4QKQW0b2beJhKsS03r4DlNWVyEEaffDYGe3HaQH9DuXVJvyzyh3BV50CFvPfPrerh_BxVG_dZYDAeni0dnjLPBRS5YdAwUkTJF6zUAeLBZMfqgNdlSsomK4xmCUeL9Afj-OGA:1pDSwU:GSknZwt2qsqVqNcO_wAfoOtwTiLt2JnNPBAeUhP51UA", "expire_date": "2023-01-19T17:18:10.794"}}, {"model": "sessions.session", "pk": "9clnw40x6wnxqojjbwym06b447s868je", "fields": {"session_data": ".eJxVjDsOwjAQBe_iGln-IpuSnjNYu-s1DiBbipMq4u4QKQW0b2beJhKsS03r4DlNWVyEEaffDYGe3HaQH9DuXVJvyzyh3BV50CFvPfPrerh_BxVG_dZYDAeni0dnjLPBRS5YdAwUkTJF6zUAeLBZMfqgNdlSsomK4xmCUeL9Afj-OGA:1pDSMt:EuXnjo_yDTcFx6yQ_t2umEkwFmwpr77eln93KwHRvu4", "expire_date": "2023-01-19T16:41:23.043"}}, {"model": "sessions.session", "pk": "9lqcxopbli8bm5fpelz2i8q7d0o75ih5", "fields": {"session_data": ".eJxVjDsOwjAQBe_iGln-IpuSnjNYu-s1DiBbipMq4u4QKQW0b2beJhKsS03r4DlNWVyEFqffDYGe3HaQH9DuXVJvyzyh3BV50CFvPfPrerh_BxVG_dZYDAeni0dnjLPBRS5YdAwUkTJF6zUAeLBZMfqgNdlSsomK4xmCUeL9AfhlOF8:1pD9oE:Me2CQKg3rrsgHt4zp6YDfEDwi4Icw_A9j21KqPW_oNE", "expire_date": "2023-01-18T19:52:22.061"}}, {"model": "sessions.session", "pk": "9m39ec32pe88w3hthncld4ew4yizt8jp", "fields": {"session_data": ".eJxVjDsOwjAQBe_iGln-IpuSnjNYu-s1DiBbipMq4u4QKQW0b2beJhKsS03r4DlNWVyEEaffDYGe3HaQH9DuXVJvyzyh3BV50CFvPfPrerh_BxVG_dZYDAeni0dnjLPBRS5YdAwUkTJF6zUAeLBZMfqgNdlSsomK4xmCUeL9Afj-OGA:1pDSAq:ljxCxDybVGKYyzlSQRXLPgul_2UK9HKiOgd8o-zaCWo", "expire_date": "2023-01-19T16:28:56.895"}}, {"model": "sessions.session", "pk": "9ndmbd5sf5rb40ddon25dp0cimgui0zi", "fields": {"session_data": ".eJxVjDsOwjAQBe_iGln-IpuSnjNYu-s1DiBbipMq4u4QKQW0b2beJhKsS03r4DlNWVyEEaffDYGe3HaQH9DuXVJvyzyh3BV50CFvPfPrerh_BxVG_dZYDAeni0dnjLPBRS5YdAwUkTJF6zUAeLBZMfqgNdlSsomK4xmCUeL9Afj-OGA:1pD7cj:s4eKDFjrXrjsfG1i4SPuR6ZrW8YXxbj7gos7oKh-6Qs", "expire_date": "2023-01-18T17:32:21.372"}}, {"model": "sessions.session", "pk": "9no89p3oxv87pyu0xsnq97ak5izu50pr", "fields": {"session_data": ".eJxVjDsOwjAQBe_iGln-IpuSnjNYu-s1DiBbipMq4u4QKQW0b2beJhKsS03r4DlNWVyEFqffDYGe3HaQH9DuXVJvyzyh3BV50CFvPfPrerh_BxVG_dZYDAeni0dnjLPBRS5YdAwUkTJF6zUAeLBZMfqgNdlSsomK4xmCUeL9AfhlOF8:1pDmoX:NwWXa0kn7HUM2aOxxFQdSMKfbQLhTSDZQvvH5rIZbqo", "expire_date": "2023-01-20T14:31:17.984"}}, {"model": "sessions.session", "pk": "abedab7w5qv5ov05vsizmxgcipgnmyh0", "fields": {"session_data": ".eJxVjDsOwjAQBe_iGln-IpuSnjNYu-s1DiBbipMq4u4QKQW0b2beJhKsS03r4DlNWVyEEaffDYGe3HaQH9DuXVJvyzyh3BV50CFvPfPrerh_BxVG_dZYDAeni0dnjLPBRS5YdAwUkTJF6zUAeLBZMfqgNdlSsomK4xmCUeL9Afj-OGA:1pDRba:SpLQ6HCsFA-kynYbfppAzw2fGRgpEgQ4jQqFUalM71Q", "expire_date": "2023-01-19T15:52:30.308"}}, {"model": "sessions.session", "pk": "abwgeng1agnoycf33uf883syovy95oo8", "fields": {"session_data": ".eJxVjDsOwjAQBe_iGln-IpuSnjNYu-s1DiBbipMq4u4QKQW0b2beJhKsS03r4DlNWVyEEaffDYGe3HaQH9DuXVJvyzyh3BV50CFvPfPrerh_BxVG_dZYDAeni0dnjLPBRS5YdAwUkTJF6zUAeLBZMfqgNdlSsomK4xmCUeL9Afj-OGA:1pDSMM:b7a4h0R8ljNGWeVjlWYo2NMta1snnZRnFJxenSeZkyM", "expire_date": "2023-01-19T16:40:50.076"}}, {"model": "sessions.session", "pk": "ah91l8a3zgo2su3w3db80vxeicun85xl", "fields": {"session_data": ".eJxVjDsOwjAQBe_iGln-IpuSnjNYu-s1DiBbipMq4u4QKQW0b2beJhKsS03r4DlNWVyEEaffDYGe3HaQH9DuXVJvyzyh3BV50CFvPfPrerh_BxVG_dZYDAeni0dnjLPBRS5YdAwUkTJF6zUAeLBZMfqgNdlSsomK4xmCUeL9Afj-OGA:1pDSNr:qxEImykJZztThbDcpfb5RG7VwVGGnZcukcXIxk-yHsA", "expire_date": "2023-01-19T16:42:23.417"}}, {"model": "sessions.session", "pk": "arbh453h4wtnb6zp2byei5wz5n7r965d", "fields": {"session_data": ".eJxVjDsOwjAQBe_iGln-IpuSnjNYu-s1DiBbipMq4u4QKQW0b2beJhKsS03r4DlNWVyEEaffDYGe3HaQH9DuXVJvyzyh3BV50CFvPfPrerh_BxVG_dZYDAeni0dnjLPBRS5YdAwUkTJF6zUAeLBZMfqgNdlSsomK4xmCUeL9Afj-OGA:1pDSn5:7W3Lyqmbih09wGyVpqDrdTSXjeSeQPPiXdftboX40Hg", "expire_date": "2023-01-19T17:08:27.738"}}, {"model": "sessions.session", "pk": "b2l7zb6x9tby4icsnhpnfj2em61x1t1p", "fields": {"session_data": ".eJxVjDsOwjAQBe_iGln-IpuSnjNYu-s1DiBbipMq4u4QKQW0b2beJhKsS03r4DlNWVyEEaffDYGe3HaQH9DuXVJvyzyh3BV50CFvPfPrerh_BxVG_dZYDAeni0dnjLPBRS5YdAwUkTJF6zUAeLBZMfqgNdlSsomK4xmCUeL9Afj-OGA:1pDSBU:vB3n-AYV9qgEmMJG4hG99nK374E4j8W0832kTQAOckY", "expire_date": "2023-01-19T16:29:36.595"}}, {"model": "sessions.session", "pk": "b4yt6v3l29jwv05kumvg0on9501o9itw", "fields": {"session_data": ".eJxVjDsOwjAQBe_iGln-IpuSnjNYu-s1DiBbipMq4u4QKQW0b2beJhKsS03r4DlNWVyEEaffDYGe3HaQH9DuXVJvyzyh3BV50CFvPfPrerh_BxVG_dZYDAeni0dnjLPBRS5YdAwUkTJF6zUAeLBZMfqgNdlSsomK4xmCUeL9Afj-OGA:1pDRMm:UdEo_41bNs5ifRjeNVTz571kaPjKHxzuu0dJYspd7vw", "expire_date": "2023-01-19T15:37:12.123"}}, {"model": "sessions.session", "pk": "cfaf6nxi49ulpxxkkvgumj7sy09ab7jq", "fields": {"session_data": ".eJxVjDsOwjAQBe_iGln-IpuSnjNYu941DiBbipMq4u4QKQW0b2beJhKsS03r4DlNJC7CitPvhpCf3HZAD2j3LnNvyzyh3BV50CFvnfh1Pdy_gwqjfmsshoPTxaMzxtngIhcsOoYcMVOO1msA8GBJMfqgdbalkImK4xmCUeL9AfmXOGE:1pDRzv:UONUFX2tWXOreVp2zAwCkVBuvvig0_p4zvJK4fi34eA", "expire_date": "2023-01-19T16:17:39.193"}}, {"model": "sessions.session", "pk": "cs53qrvdg9kbr54l8f7frz8moeyphez8", "fields": {"session_data": ".eJxVjDsOwjAQBe_iGln-IpuSnjNYu-s1DiBbipMq4u4QKQW0b2beJhKsS03r4DlNWVyEEaffDYGe3HaQH9DuXVJvyzyh3BV50CFvPfPrerh_BxVG_dZYDAeni0dnjLPBRS5YdAwUkTJF6zUAeLBZMfqgNdlSsomK4xmCUeL9Afj-OGA:1pDRU2:npY1IVe6PS-MK_5H8QBSoo3MU_LcNEgwFmhfu6iEE1A", "expire_date": "2023-01-19T15:44:42.138"}}, {"model": "sessions.session", "pk": "cszma3de5kkdhyot37wrlrma37wskcet", "fields": {"session_data": ".eJxVjDsOwjAQBe_iGln-IpuSnjNYu-s1DiBbipMq4u4QKQW0b2beJhKsS03r4DlNWVyEEaffDYGe3HaQH9DuXVJvyzyh3BV50CFvPfPrerh_BxVG_dZYDAeni0dnjLPBRS5YdAwUkTJF6zUAeLBZMfqgNdlSsomK4xmCUeL9Afj-OGA:1pDmAE:kwEHzPzCuRhw5QvljT9u06uhyISmBL4PwdFTfHDseO0", "expire_date": "2023-01-20T13:49:38.793"}}, {"model": "sessions.session", "pk": "czo6o4b8ulg3rwococdkuorq9or1ox3f", "fields": {"session_data": ".eJxVjDsOwjAQBe_iGln-IpuSnjNYu-s1DiBbipMq4u4QKQW0b2beJhKsS03r4DlNWVyEEaffDYGe3HaQH9DuXVJvyzyh3BV50CFvPfPrerh_BxVG_dZYDAeni0dnjLPBRS5YdAwUkTJF6zUAeLBZMfqgNdlSsomK4xmCUeL9Afj-OGA:1pDSru:vT_C_MJVJuCVp6y55_XPVJj2a9558e9k5aRTVGnuIPE", "expire_date": "2023-01-19T17:13:26.171"}}, {"model": "sessions.session", "pk": "d001p8hnzj3dpop1hrldqdtemu0g8drr", "fields": {"session_data": ".eJxVjDsOwjAQBe_iGln-IpuSnjNYu-s1DiBbipMq4u4QKQW0b2beJhKsS03r4DlNWVyEEaffDYGe3HaQH9DuXVJvyzyh3BV50CFvPfPrerh_BxVG_dZYDAeni0dnjLPBRS5YdAwUkTJF6zUAeLBZMfqgNdlSsomK4xmCUeL9Afj-OGA:1pDSBY:mSx7FwNblVq9JqU3Etc4ZoPiRqosnj3Pp4u7ppMh23Y", "expire_date": "2023-01-19T16:29:40.593"}}, {"model": "sessions.session", "pk": "d0b02qvg36ffw1eljvzc3ehf805qb4js", "fields": {"session_data": ".eJxVjDsOwjAQBe_iGln-IpuSnjNYu-s1DiBbipMq4u4QKQW0b2beJhKsS03r4DlNWVyEEaffDYGe3HaQH9DuXVJvyzyh3BV50CFvPfPrerh_BxVG_dZYDAeni0dnjLPBRS5YdAwUkTJF6zUAeLBZMfqgNdlSsomK4xmCUeL9Afj-OGA:1pDSFl:Pn5kDy7ZuRB3VImMFcARTN_1EdPmOqWZjGUKQQlFIws", "expire_date": "2023-01-19T16:34:01.651"}}, {"model": "sessions.session", "pk": "d0wm4vin1fl5tc3odmaed46mj7mr2xw0", "fields": {"session_data": ".eJxVjDsOwjAQBe_iGln-IpuSnjNYu-s1DiBbipMq4u4QKQW0b2beJhKsS03r4DlNWVyEEaffDYGe3HaQH9DuXVJvyzyh3BV50CFvPfPrerh_BxVG_dZYDAeni0dnjLPBRS5YdAwUkTJF6zUAeLBZMfqgNdlSsomK4xmCUeL9Afj-OGA:1pDSM5:yNwfVSObwmFAw7IPbxdtRUpFlubCJ41fYxGEvRRsqoE", "expire_date": "2023-01-19T16:40:33.808"}}, {"model": "sessions.session", "pk": "di492pjyskkmdkrppzcyg4799cno859m", "fields": {"session_data": ".eJxVjDsOwjAQBe_iGln-IpuSnjNYu-s1DiBbipMq4u4QKQW0b2beJhKsS03r4DlNWVyEEaffDYGe3HaQH9DuXVJvyzyh3BV50CFvPfPrerh_BxVG_dZYDAeni0dnjLPBRS5YdAwUkTJF6zUAeLBZMfqgNdlSsomK4xmCUeL9Afj-OGA:1pD8Ap:u5r3VJdlkuNqu6zIU8lEQyHWtfnw8WnJAxxMO1c54xk", "expire_date": "2023-01-18T18:07:35.378"}}, {"model": "sessions.session", "pk": "dl7l0o8n98oayc00o2x8235774twgenp", "fields": {"session_data": ".eJxVjDsOwjAQBe_iGln-IpuSnjNYu-s1DiBbipMq4u4QKQW0b2beJhKsS03r4DlNWVyEEaffDYGe3HaQH9DuXVJvyzyh3BV50CFvPfPrerh_BxVG_dZYDAeni0dnjLPBRS5YdAwUkTJF6zUAeLBZMfqgNdlSsomK4xmCUeL9Afj-OGA:1pDSsN:jT1kiMZ0XInI_63BMO995tys6A8DY6aZMlxthV0ahg0", "expire_date": "2023-01-19T17:13:55.919"}}, {"model": "sessions.session", "pk": "dmw0b1ayhcttm2cq0i5qbwc8oph0ghy9", "fields": {"session_data": ".eJxVjDsOwjAQBe_iGln-IpuSnjNYu-s1DiBbipMq4u4QKQW0b2beJhKsS03r4DlNWVyEEaffDYGe3HaQH9DuXVJvyzyh3BV50CFvPfPrerh_BxVG_dZYDAeni0dnjLPBRS5YdAwUkTJF6zUAeLBZMfqgNdlSsomK4xmCUeL9Afj-OGA:1pDlxx:d08-nC3-sbumNV5d7BIH_RDZeLsdCFc4R7PDyXdZKXQ", "expire_date": "2023-01-20T13:36:57.897"}}, {"model": "sessions.session", "pk": "dth2h8bhpdoa8yxt60lxjb8ebb8q6t36", "fields": {"session_data": ".eJxVjDsOwjAQBe_iGln-IpuSnjNYu-s1DiBbipMq4u4QKQW0b2beJhKsS03r4DlNWVyEEaffDYGe3HaQH9DuXVJvyzyh3BV50CFvPfPrerh_BxVG_dZYDAeni0dnjLPBRS5YdAwUkTJF6zUAeLBZMfqgNdlSsomK4xmCUeL9Afj-OGA:1pDRyi:ZqvChBvrR4fAPdpRvSHSc91WlXJmj0a6AH6-hhebu3M", "expire_date": "2023-01-19T16:16:24.810"}}, {"model": "sessions.session", "pk": "dvzawuq4aa2orkzyb2uruzm33jxkierg", "fields": {"session_data": ".eJxVjDsOwjAQBe_iGln-IpuSnjNYu-s1DiBbipMq4u4QKQW0b2beJhKsS03r4DlNWVyEEaffDYGe3HaQH9DuXVJvyzyh3BV50CFvPfPrerh_BxVG_dZYDAeni0dnjLPBRS5YdAwUkTJF6zUAeLBZMfqgNdlSsomK4xmCUeL9Afj-OGA:1pDRlR:A3TXyyLbzmkFu1oPGqJ0kvuhOyE1nN2QHmkA3LqjbIg", "expire_date": "2023-01-19T16:02:41.079"}}, {"model": "sessions.session", "pk": "dxp82mjeojpuyn01vaer9dmbh8xr342r", "fields": {"session_data": ".eJxVjDsOwjAQBe_iGln-IpuSnjNYu-s1DiBbipMq4u4QKQW0b2beJhKsS03r4DlNWVyEEaffDYGe3HaQH9DuXVJvyzyh3BV50CFvPfPrerh_BxVG_dZYDAeni0dnjLPBRS5YdAwUkTJF6zUAeLBZMfqgNdlSsomK4xmCUeL9Afj-OGA:1pDSw2:f8DKodkYeme3Q0DYGmlYzY5vFP-3F4r_NG1fE5pXIjQ", "expire_date": "2023-01-19T17:17:42.155"}}, {"model": "sessions.session", "pk": "dyj0cbry4xx6jxmv7v47wzpnwjy4e278", "fields": {"session_data": ".eJxVjDsOwjAQBe_iGln-IpuSnjNYu-s1DiBbipMq4u4QKQW0b2beJhKsS03r4DlNWVyEEaffDYGe3HaQH9DuXVJvyzyh3BV50CFvPfPrerh_BxVG_dZYDAeni0dnjLPBRS5YdAwUkTJF6zUAeLBZMfqgNdlSsomK4xmCUeL9Afj-OGA:1pDSwF:CGlDxs0Kp00mceex8zN10K_0HQ3eZQm8vg_ZfvECbZI", "expire_date": "2023-01-19T17:17:55.021"}}, {"model": "sessions.session", "pk": "e2g3vssijfuipnd7lnmcmu7fzy23ncg1", "fields": {"session_data": ".eJxVjDsOwjAQBe_iGln-IpuSnjNYu-s1DiBbipMq4u4QKQW0b2beJhKsS03r4DlNWVyEEaffDYGe3HaQH9DuXVJvyzyh3BV50CFvPfPrerh_BxVG_dZYDAeni0dnjLPBRS5YdAwUkTJF6zUAeLBZMfqgNdlSsomK4xmCUeL9Afj-OGA:1pDSs9:kH6VWF_tf8Cx0DrNg0wlpQnvMtSJJCrzAn9kwOn_zx0", "expire_date": "2023-01-19T17:13:41.440"}}, {"model": "sessions.session", "pk": "ebt413fywn4zk5wide66io6r0c30s88w", "fields": {"session_data": ".eJxVjDsOwjAQBe_iGln-IpuSnjNYu-s1DiBbipMq4u4QKQW0b2beJhKsS03r4DlNWVyEEaffDYGe3HaQH9DuXVJvyzyh3BV50CFvPfPrerh_BxVG_dZYDAeni0dnjLPBRS5YdAwUkTJF6zUAeLBZMfqgNdlSsomK4xmCUeL9Afj-OGA:1pDSPh:1Z8oVoYbuPYR3tdk-miFxZj5_2bBeHXO9hv9lZRCH5k", "expire_date": "2023-01-19T16:44:17.499"}}, {"model": "sessions.session", "pk": "egszqm03polvfpccz4r0pumr1ii053pi", "fields": {"session_data": ".eJxVjDsOwjAQBe_iGln-IpuSnjNYu941DiBbipMq4u4QKQW0b2beJhKsS03r4DlNJC7CitPvhpCf3HZAD2j3LnNvyzyh3BV50CFvnfh1Pdy_gwqjfmsshoPTxaMzxtngIhcsOoYcMVOO1msA8GBJMfqgdbalkImK4xmCUeL9AfmXOGE:1pDRNG:iHZBp2dvwc1r9BF4Oi4-3SntT8v0jG7WYdoauQnlT6Q", "expire_date": "2023-01-19T15:37:42.732"}}, {"model": "sessions.session", "pk": "eoieawz3y8dgp8c1pb2laayksha2g3tc", "fields": {"session_data": ".eJxVjDsOwjAQBe_iGln-IpuSnjNYu-s1DiBbipMq4u4QKQW0b2beJhKsS03r4DlNWVyEEaffDYGe3HaQH9DuXVJvyzyh3BV50CFvPfPrerh_BxVG_dZYDAeni0dnjLPBRS5YdAwUkTJF6zUAeLBZMfqgNdlSsomK4xmCUeL9Afj-OGA:1pDStF:If8ocgkPvHRhYcOxOeiExm0D9i_aN3w-CjdBBCXkex0", "expire_date": "2023-01-19T17:14:49.742"}}, {"model": "sessions.session", "pk": "eywac66ntuwm85h0bc0pxor556x8grc7", "fields": {"session_data": ".eJxVjDsOwjAQBe_iGln-IpuSnjNYu-s1DiBbipMq4u4QKQW0b2beJhKsS03r4DlNWVyEEaffDYGe3HaQH9DuXVJvyzyh3BV50CFvPfPrerh_BxVG_dZYDAeni0dnjLPBRS5YdAwUkTJF6zUAeLBZMfqgNdlSsomK4xmCUeL9Afj-OGA:1pDSwj:dfT6gujJTPCWRhwmgx_wn243ntHDjr6E-LubRPazvFU", "expire_date": "2023-01-19T17:18:25.723"}}, {"model": "sessions.session", "pk": "f5ox4t3kxitubzbr5rezh4r5jk7kzxz8", "fields": {"session_data": ".eJxVjDsOwjAQBe_iGln-IpuSnjNYu941DiBbipMq4u4QKQW0b2beJhKsS03r4DlNJC7CitPvhpCf3HZAD2j3LnNvyzyh3BV50CFvnfh1Pdy_gwqjfmsshoPTxaMzxtngIhcsOoYcMVOO1msA8GBJMfqgdbalkImK4xmCUeL9AfmXOGE:1pDRfe:O-fd2MOh8IQJGSe4ffqUmPxSOn9hBJ8Qp3Y-WmX4NuQ", "expire_date": "2023-01-19T15:56:42.268"}}, {"model": "sessions.session", "pk": "fcgdkhe86p719dllt9fws3uqravbukxa", "fields": {"session_data": ".eJxVjDsOwjAQBe_iGln-IpuSnjNYu941DiBbipMq4u4QKQW0b2beJhKsS03r4DlNJC7CitPvhpCf3HZAD2j3LnNvyzyh3BV50CFvnfh1Pdy_gwqjfmsshoPTxaMzxtngIhcsOoYcMVOO1msA8GBJMfqgdbalkImK4xmCUeL9AfmXOGE:1pDR3x:E-wf_bU1R_pfwMao49MOdaPLhMJ_wnQWM8-MrUo-qkk", "expire_date": "2023-01-19T15:17:45.533"}}, {"model": "sessions.session", "pk": "fjqwasjw1iuxb15mopib132zfn3nd2au", "fields": {"session_data": ".eJxVjDsOwjAQBe_iGln-IpuSnjNYu941DiBbipMq4u4QKQW0b2beJhKsS03r4DlNJC7CitPvhpCf3HZAD2j3LnNvyzyh3BV50CFvnfh1Pdy_gwqjfmsshoPTxaMzxtngIhcsOoYcMVOO1msA8GBJMfqgdbalkImK4xmCUeL9AfmXOGE:1pDR7z:FSqNYImB2flHk91_rfV5WolvlaKwKTUh7WuGWc__ANw", "expire_date": "2023-01-19T15:21:55.863"}}, {"model": "sessions.session", "pk": "fnsnk84k4ir6ffzzhmjz7t1i6t6xf9kx", "fields": {"session_data": ".eJxVjDsOwjAQBe_iGln-IpuSnjNYu-s1DiBbipMq4u4QKQW0b2beJhKsS03r4DlNWVyEEaffDYGe3HaQH9DuXVJvyzyh3BV50CFvPfPrerh_BxVG_dZYDAeni0dnjLPBRS5YdAwUkTJF6zUAeLBZMfqgNdlSsomK4xmCUeL9Afj-OGA:1pDSAg:gkYqIpaBCKNfiFdMsiTEC0Q1vHmUz0OlhHcBlshjp40", "expire_date": "2023-01-19T16:28:46.880"}}, {"model": "sessions.session", "pk": "fuy1mazimqbf20z31hwfux41e6z998jx", "fields": {"session_data": ".eJxVjDsOwjAQBe_iGln-IpuSnjNYu-s1DiBbipMq4u4QKQW0b2beJhKsS03r4DlNWVyEEaffDYGe3HaQH9DuXVJvyzyh3BV50CFvPfPrerh_BxVG_dZYDAeni0dnjLPBRS5YdAwUkTJF6zUAeLBZMfqgNdlSsomK4xmCUeL9Afj-OGA:1pDSth:Nw6s-9oBR9tj7KpnSR5MeVHXSZfILpLn06_K4xaFonQ", "expire_date": "2023-01-19T17:15:17.657"}}, {"model": "sessions.session", "pk": "g2lnv3zh9ujyyt26howc5sb0jb2c6a8l", "fields": {"session_data": ".eJxVjDsOwjAQBe_iGln-IpuSnjNYu941DiBbipMq4u4QKQW0b2beJhKsS03r4DlNJC7CitPvhpCf3HZAD2j3LnNvyzyh3BV50CFvnfh1Pdy_gwqjfmsshoPTxaMzxtngIhcsOoYcMVOO1msA8GBJMfqgdbalkImK4xmCUeL9AfmXOGE:1pDS04:CHCMLncsJpU6lmUoPif0D4oed1nNPlQvLJttyqU5-jM", "expire_date": "2023-01-19T16:17:48.951"}}, {"model": "sessions.session", "pk": "g5af4qqjx6gqvqa3ukeyiotnw4ghdyvg", "fields": {"session_data": ".eJxVjDsOwjAQBe_iGln-IpuSnjNYu-s1DiBbipMq4u4QKQW0b2beJhKsS03r4DlNWVyEFqffDYGe3HaQH9DuXVJvyzyh3BV50CFvPfPrerh_BxVG_dZYDAeni0dnjLPBRS5YdAwUkTJF6zUAeLBZMfqgNdlSsomK4xmCUeL9AfhlOF8:1pDPUB:sTOiClpdniLQIPs8EC3k3oyLZZKbGvYRRU501mKbp8k", "expire_date": "2023-01-19T13:36:43.599"}}, {"model": "sessions.session", "pk": "gcudnyoc9rpk1oqbuhwgxvcidsh8c56i", "fields": {"session_data": ".eJxVjDsOwjAQBe_iGln-IpuSnjNYu-s1DiBbipMq4u4QKQW0b2beJhKsS03r4DlNWVyEEaffDYGe3HaQH9DuXVJvyzyh3BV50CFvPfPrerh_BxVG_dZYDAeni0dnjLPBRS5YdAwUkTJF6zUAeLBZMfqgNdlSsomK4xmCUeL9Afj-OGA:1pDSxA:g-c5wKkxLIcq1ecIUjEtBzEyIInAWtelS0IJs2fTlUA", "expire_date": "2023-01-19T17:18:52.243"}}, {"model": "sessions.session", "pk": "gduk5wc8ajfcnyjau8w0i4fw38vf9s68", "fields": {"session_data": ".eJxVjDsOwjAQBe_iGln-IpuSnjNYu-s1DiBbipMq4u4QKQW0b2beJhKsS03r4DlNWVyEEaffDYGe3HaQH9DuXVJvyzyh3BV50CFvPfPrerh_BxVG_dZYDAeni0dnjLPBRS5YdAwUkTJF6zUAeLBZMfqgNdlSsomK4xmCUeL9Afj-OGA:1pDSJG:NAeiSOhCK6zO_skPpqhxZTnKeEDPPWFZKTGxxssRO1w", "expire_date": "2023-01-19T16:37:38.588"}}, {"model": "sessions.session", "pk": "gdv7qbryryg9n8i6drt2lam5r4zf693y", "fields": {"session_data": ".eJxVjDsOwjAQBe_iGln-IpuSnjNYu-s1DiBbipMq4u4QKQW0b2beJhKsS03r4DlNWVyEEaffDYGe3HaQH9DuXVJvyzyh3BV50CFvPfPrerh_BxVG_dZYDAeni0dnjLPBRS5YdAwUkTJF6zUAeLBZMfqgNdlSsomK4xmCUeL9Afj-OGA:1pD897:38URBabuXMMiCtOzSbhTY6rsODIY-NZCR0-eLsqMbZE", "expire_date": "2023-01-18T18:05:49.973"}}, {"model": "sessions.session", "pk": "h1i5hseua9c5554obwgulcaivfqu6xzz", "fields": {"session_data": ".eJxVjDsOwjAQBe_iGln-IpuSnjNYu-s1DiBbipMq4u4QKQW0b2beJhKsS03r4DlNWVyEEaffDYGe3HaQH9DuXVJvyzyh3BV50CFvPfPrerh_BxVG_dZYDAeni0dnjLPBRS5YdAwUkTJF6zUAeLBZMfqgNdlSsomK4xmCUeL9Afj-OGA:1pDSmi:7nl3dZJLmQNGh2OvdwdPG2DQTWh6CLQumrWGbUUwFp4", "expire_date": "2023-01-19T17:08:04.845"}}, {"model": "sessions.session", "pk": "h9oxpgebvatoz51hvtbwf02l9opsceuk", "fields": {"session_data": ".eJxVjDsOwjAQBe_iGln-IpuSnjNYu-s1DiBbipMq4u4QKQW0b2beJhKsS03r4DlNWVyEEaffDYGe3HaQH9DuXVJvyzyh3BV50CFvPfPrerh_BxVG_dZYDAeni0dnjLPBRS5YdAwUkTJF6zUAeLBZMfqgNdlSsomK4xmCUeL9Afj-OGA:1pDSAO:WEujxDsggvDYypg51De6KPl7Clbj2ku6loeKNPWcq6U", "expire_date": "2023-01-19T16:28:28.164"}}, {"model": "sessions.session", "pk": "hajq78xk2k9oa70ewm5uwskfgcm2yf8m", "fields": {"session_data": ".eJxVjDsOwjAQBe_iGln-IpuSnjNYu-s1DiBbipMq4u4QKQW0b2beJhKsS03r4DlNWVyEEaffDYGe3HaQH9DuXVJvyzyh3BV50CFvPfPrerh_BxVG_dZYDAeni0dnjLPBRS5YdAwUkTJF6zUAeLBZMfqgNdlSsomK4xmCUeL9Afj-OGA:1pD7M7:139_zDFetk_Td7cPhbg8PV4u8mQK3bQYI6J6Fex_T2M", "expire_date": "2023-01-18T17:15:11.357"}}, {"model": "sessions.session", "pk": "hbs1tdkr7vgslen843wab43znvan1ink", "fields": {"session_data": ".eJxVjDsOwjAQBe_iGln-IpuSnjNYu-s1DiBbipMq4u4QKQW0b2beJhKsS03r4DlNWVyEEaffDYGe3HaQH9DuXVJvyzyh3BV50CFvPfPrerh_BxVG_dZYDAeni0dnjLPBRS5YdAwUkTJF6zUAeLBZMfqgNdlSsomK4xmCUeL9Afj-OGA:1pDSl9:sxaUebwxMGP1mT9HrphtZ9LpXDzquO_svBVqlZY1c0c", "expire_date": "2023-01-19T17:06:27.742"}}, {"model": "sessions.session", "pk": "hhipx6dx4ujsw055699emuyfq5669lni", "fields": {"session_data": ".eJxVjDsOwjAQBe_iGln-IpuSnjNYu-s1DiBbipMq4u4QKQW0b2beJhKsS03r4DlNWVyEEaffDYGe3HaQH9DuXVJvyzyh3BV50CFvPfPrerh_BxVG_dZYDAeni0dnjLPBRS5YdAwUkTJF6zUAeLBZMfqgNdlSsomK4xmCUeL9Afj-OGA:1pDSGg:Og3ZiO7JC6Tm4H23yEKsEZ2jTemwirP8Vjve7cy5wGA", "expire_date": "2023-01-19T16:34:58.816"}}, {"model": "sessions.session", "pk": "hl187czbetmfld9v5teyvt49xw7pjyu1", "fields": {"session_data": ".eJxVjDsOwjAQBe_iGln-IpuSnjNYu-s1DiBbipMq4u4QKQW0b2beJhKsS03r4DlNWVyEEaffDYGe3HaQH9DuXVJvyzyh3BV50CFvPfPrerh_BxVG_dZYDAeni0dnjLPBRS5YdAwUkTJF6zUAeLBZMfqgNdlSsomK4xmCUeL9Afj-OGA:1pDRVY:TnOa2PcB67JILuwxDYimI3rT2QzRq9IrsZo05UWknN8", "expire_date": "2023-01-19T15:46:16.849"}}, {"model": "sessions.session", "pk": "hnknpkimpgs4sns1oy5nq4ogch0gncab", "fields": {"session_data": ".eJxVjDsOwjAQBe_iGln-IpuSnjNYu-s1DiBbipMq4u4QKQW0b2beJhKsS03r4DlNWVyEEaffDYGe3HaQH9DuXVJvyzyh3BV50CFvPfPrerh_BxVG_dZYDAeni0dnjLPBRS5YdAwUkTJF6zUAeLBZMfqgNdlSsomK4xmCUeL9Afj-OGA:1pDSmP:uKdD1BhnPdPa50-c_c0aAGiRKSsOidNrQG3-YiruWRA", "expire_date": "2023-01-19T17:07:45.316"}}, {"model": "sessions.session", "pk": "hqrd4gngk4ypq8rgs4r564x2p7ha07ce", "fields": {"session_data": ".eJxVjDsOwjAQBe_iGln-IpuSnjNYu941DiBbipMq4u4QKQW0b2beJhKsS03r4DlNJC7CitPvhpCf3HZAD2j3LnNvyzyh3BV50CFvnfh1Pdy_gwqjfmsshoPTxaMzxtngIhcsOoYcMVOO1msA8GBJMfqgdbalkImK4xmCUeL9AfmXOGE:1pDRaH:ZHx8SExmU2bvLClPDj-B8UNuaXk4BSEuH1_Zx5iENs4", "expire_date": "2023-01-19T15:51:09.009"}}, {"model": "sessions.session", "pk": "i9fk98pufoe3v10ur0at1u5icl15ucxi", "fields": {"session_data": ".eJxVjDsOwjAQBe_iGln-IpuSnjNYu-s1DiBbipMq4u4QKQW0b2beJhKsS03r4DlNWVyEEaffDYGe3HaQH9DuXVJvyzyh3BV50CFvPfPrerh_BxVG_dZYDAeni0dnjLPBRS5YdAwUkTJF6zUAeLBZMfqgNdlSsomK4xmCUeL9Afj-OGA:1pDSsE:YmLO2sktjeml6O18Q-7KgwtCM1sZPOSBEh0i7tFdtQ8", "expire_date": "2023-01-19T17:13:46.322"}}, {"model": "sessions.session", "pk": "idtx61pe2a3wfsu25ibknxse0zl8hi1j", "fields": {"session_data": ".eJxVjDsOwjAQBe_iGln-IpuSnjNYu941DiBbipMq4u4QKQW0b2beJhKsS03r4DlNJC7CitPvhpCf3HZAD2j3LnNvyzyh3BV50CFvnfh1Pdy_gwqjfmsshoPTxaMzxtngIhcsOoYcMVOO1msA8GBJMfqgdbalkImK4xmCUeL9AfmXOGE:1pDmA0:JVhxMd19M6El1TGtzJastBoZkR69XnAACyq6tD5cfhQ", "expire_date": "2023-01-20T13:49:24.931"}}, {"model": "sessions.session", "pk": "if9hlkqut989ptc2l0xwif56s1ls7gfh", "fields": {"session_data": ".eJxVjDsOwjAQBe_iGln-IpuSnjNYu-s1DiBbipMq4u4QKQW0b2beJhKsS03r4DlNWVyEEaffDYGe3HaQH9DuXVJvyzyh3BV50CFvPfPrerh_BxVG_dZYDAeni0dnjLPBRS5YdAwUkTJF6zUAeLBZMfqgNdlSsomK4xmCUeL9Afj-OGA:1pDSwg:iYDHp_8qVoWttZkTnc6sNAtZzyVwg-EHLw9iz2oujJs", "expire_date": "2023-01-19T17:18:22.711"}}, {"model": "sessions.session", "pk": "iihao6xr7nqwq81ocm14j6ua7zfglsxo", "fields": {"session_data": ".eJxVjDsOwjAQBe_iGln-IpuSnjNYu-s1DiBbipMq4u4QKQW0b2beJhKsS03r4DlNWVyEFqffDYGe3HaQH9DuXVJvyzyh3BV50CFvPfPrerh_BxVG_dZYDAeni0dnjLPBRS5YdAwUkTJF6zUAeLBZMfqgNdlSsomK4xmCUeL9AfhlOF8:1pDQeg:V-ZROZtPsqGvn2nloFebDBwixZK2b-NOFIvR7JFfIu4", "expire_date": "2023-01-19T14:51:38.521"}}, {"model": "sessions.session", "pk": "ijrqfis56cahylgg2b16ku1xkf2k17la", "fields": {"session_data": ".eJxVjDsOwjAQBe_iGln-IpuSnjNYu-s1DiBbipMq4u4QKQW0b2beJhKsS03r4DlNWVyEFqffDYGe3HaQH9DuXVJvyzyh3BV50CFvPfPrerh_BxVG_dZYDAeni0dnjLPBRS5YdAwUkTJF6zUAeLBZMfqgNdlSsomK4xmCUeL9AfhlOF8:1pDANO:oOvNww_MfLKowVqD1uqxnY7OwTzP5HOUboCm9moYBk8", "expire_date": "2023-01-18T21:28:42.385"}}, {"model": "sessions.session", "pk": "in2vswzy4jgj4c980j0el44d96vhw1a1", "fields": {"session_data": ".eJxVjDsOwjAQBe_iGln-IpuSnjNYu-s1DiBbipMq4u4QKQW0b2beJhKsS03r4DlNWVyEEaffDYGe3HaQH9DuXVJvyzyh3BV50CFvPfPrerh_BxVG_dZYDAeni0dnjLPBRS5YdAwUkTJF6zUAeLBZMfqgNdlSsomK4xmCUeL9Afj-OGA:1pDSx0:GPRYLJlBVLVT5Cq_a_5fIUILZBxzM-9ahepqpz5qWE0", "expire_date": "2023-01-19T17:18:42.760"}}, {"model": "sessions.session", "pk": "j2hljgjcakab0wni0b9vsreu7esw4418", "fields": {"session_data": ".eJxVjDsOwjAQBe_iGln-IpuSnjNYu-s1DiBbipMq4u4QKQW0b2beJhKsS03r4DlNWVyEEaffDYGe3HaQH9DuXVJvyzyh3BV50CFvPfPrerh_BxVG_dZYDAeni0dnjLPBRS5YdAwUkTJF6zUAeLBZMfqgNdlSsomK4xmCUeL9Afj-OGA:1pDSDr:3HeYJOGFrUkoGwkgE6wE4n0zfYYGJt55KBSsqaj6nsQ", "expire_date": "2023-01-19T16:32:03.619"}}, {"model": "sessions.session", "pk": "j8e126c1n6tvr2exsbgobyobkw56zoc6", "fields": {"session_data": ".eJxVjDsOwjAQBe_iGln-IpuSnjNYu-s1DiBbipMq4u4QKQW0b2beJhKsS03r4DlNWVyEEaffDYGe3HaQH9DuXVJvyzyh3BV50CFvPfPrerh_BxVG_dZYDAeni0dnjLPBRS5YdAwUkTJF6zUAeLBZMfqgNdlSsomK4xmCUeL9Afj-OGA:1pDSEN:VoXTTnn5G9NOqpaWnxd7gSxCTV4ATk_Mx-onF1zYyFo", "expire_date": "2023-01-19T16:32:35.332"}}, {"model": "sessions.session", "pk": "jig4x3spa1xmoth4lif94ahft8typ5c1", "fields": {"session_data": ".eJxVjDsOwjAQBe_iGln-IpuSnjNYu-s1DiBbipMq4u4QKQW0b2beJhKsS03r4DlNWVyEEaffDYGe3HaQH9DuXVJvyzyh3BV50CFvPfPrerh_BxVG_dZYDAeni0dnjLPBRS5YdAwUkTJF6zUAeLBZMfqgNdlSsomK4xmCUeL9Afj-OGA:1pDSu0:PEvt7wv_0ek1dCwlUY18KqJqgmNiHJIjK6Kp1Uyo-l4", "expire_date": "2023-01-19T17:15:36.828"}}, {"model": "sessions.session", "pk": "jrop4mfxr46bckugbfm3jafrgcc8fowu", "fields": {"session_data": ".eJxVjDsOwjAQBe_iGln-IpuSnjNYu-s1DiBbipMq4u4QKQW0b2beJhKsS03r4DlNWVyEEaffDYGe3HaQH9DuXVJvyzyh3BV50CFvPfPrerh_BxVG_dZYDAeni0dnjLPBRS5YdAwUkTJF6zUAeLBZMfqgNdlSsomK4xmCUeL9Afj-OGA:1pDRi2:QLFKDIlMxiuhYuKYoPFk08c5Tse1qgzXgpD2pJTanwY", "expire_date": "2023-01-19T15:59:10.813"}}, {"model": "sessions.session", "pk": "jub8h6bu0tojidmcrijozkl9npwb0968", "fields": {"session_data": ".eJxVjDsOwjAQBe_iGln-IpuSnjNYu941DiBbipMq4u4QKQW0b2beJhKsS03r4DlNJC7CitPvhpCf3HZAD2j3LnNvyzyh3BV50CFvnfh1Pdy_gwqjfmsshoPTxaMzxtngIhcsOoYcMVOO1msA8GBJMfqgdbalkImK4xmCUeL9AfmXOGE:1pDRya:8wpOn5-W2kRYHEgQFwrlEd_ORjq3Q3vuTcUhWOaOG2E", "expire_date": "2023-01-19T16:16:16.229"}}, {"model": "sessions.session", "pk": "jy42yqqkep7p3k9davfd7f397ftbovd2", "fields": {"session_data": ".eJxVjDsOwjAQBe_iGln-IpuSnjNYu-s1DiBbipMq4u4QKQW0b2beJhKsS03r4DlNWVyEEaffDYGe3HaQH9DuXVJvyzyh3BV50CFvPfPrerh_BxVG_dZYDAeni0dnjLPBRS5YdAwUkTJF6zUAeLBZMfqgNdlSsomK4xmCUeL9Afj-OGA:1pDTVf:SgbW7B5-CDIuJoM1c8BfF2dtwYE7PoO-JE40xdGZNt0", "expire_date": "2023-01-19T17:54:31.208"}}, {"model": "sessions.session", "pk": "k12qdw1ik9pszt9krxmbw44ozfw8ny4j", "fields": {"session_data": ".eJxVjDsOwjAQBe_iGln-IpuSnjNYu-s1DiBbipMq4u4QKQW0b2beJhKsS03r4DlNWVyEEaffDYGe3HaQH9DuXVJvyzyh3BV50CFvPfPrerh_BxVG_dZYDAeni0dnjLPBRS5YdAwUkTJF6zUAeLBZMfqgNdlSsomK4xmCUeL9Afj-OGA:1pDSPF:96nPO7pPNvCXCAygps_yuXEC5bI8QriIhZZWsSg7paI", "expire_date": "2023-01-19T16:43:49.927"}}, {"model": "sessions.session", "pk": "ka7wht7zl18omfbfzocib6f3p18ayt6j", "fields": {"session_data": ".eJxVjDsOwjAQBe_iGln-IpuSnjNYu941DiBbipMq4u4QKQW0b2beJhKsS03r4DlNJC7CitPvhpCf3HZAD2j3LnNvyzyh3BV50CFvnfh1Pdy_gwqjfmsshoPTxaMzxtngIhcsOoYcMVOO1msA8GBJMfqgdbalkImK4xmCUeL9AfmXOGE:1pDRzq:dKwnhjMpUsvkO6DM_WVHKBS-1K1u5rOBJAOkpOIPZNE", "expire_date": "2023-01-19T16:17:34.740"}}, {"model": "sessions.session", "pk": "kc56r25rila25ruoymny48xiup0xe1yy", "fields": {"session_data": ".eJxVjDsOwjAQBe_iGln-IpuSnjNYu-s1DiBbipMq4u4QKQW0b2beJhKsS03r4DlNWVyEEaffDYGe3HaQH9DuXVJvyzyh3BV50CFvPfPrerh_BxVG_dZYDAeni0dnjLPBRS5YdAwUkTJF6zUAeLBZMfqgNdlSsomK4xmCUeL9Afj-OGA:1pDSMi:0XGNH5aPPohIvGnOeiHlHT97eneZLpgxogo8HLa2w4E", "expire_date": "2023-01-19T16:41:12.298"}}, {"model": "sessions.session", "pk": "kefrbw1fr4wlzzx9h51xj3l6tthjrag0", "fields": {"session_data": ".eJxVjDsOwjAQBe_iGln-IpuSnjNYu941DiBbipMq4u4QKQW0b2beJhKsS03r4DlNJC7CitPvhpCf3HZAD2j3LnNvyzyh3BV50CFvnfh1Pdy_gwqjfmsshoPTxaMzxtngIhcsOoYcMVOO1msA8GBJMfqgdbalkImK4xmCUeL9AfmXOGE:1pDRWV:CRuJNufDik86XXjJZMxCjs5WGqrbO6YKl7IhRnNwx84", "expire_date": "2023-01-19T15:47:15.394"}}, {"model": "sessions.session", "pk": "kneo1cwdj7bkl1e7hl4ci3afj757osp7", "fields": {"session_data": ".eJxVjDsOwjAQBe_iGln-IpuSnjNYu-s1DiBbipMq4u4QKQW0b2beJhKsS03r4DlNWVyEEaffDYGe3HaQH9DuXVJvyzyh3BV50CFvPfPrerh_BxVG_dZYDAeni0dnjLPBRS5YdAwUkTJF6zUAeLBZMfqgNdlSsomK4xmCUeL9Afj-OGA:1pDROk:occEq9L6RWiOacFxoxQ3_rzvVlJkog7z1RVkoRZzlHE", "expire_date": "2023-01-19T15:39:14.289"}}, {"model": "sessions.session", "pk": "kw11r8c690ykhvr6c0at42k4i1iauq2l", "fields": {"session_data": ".eJxVjDsOwjAQBe_iGln-IpuSnjNYu-s1DiBbipMq4u4QKQW0b2beJhKsS03r4DlNWVyEEaffDYGe3HaQH9DuXVJvyzyh3BV50CFvPfPrerh_BxVG_dZYDAeni0dnjLPBRS5YdAwUkTJF6zUAeLBZMfqgNdlSsomK4xmCUeL9Afj-OGA:1pDRWt:rOLsPnjxAhq-0Qlrz5UfLg05Q0rfiCRJK4pxshbX8y4", "expire_date": "2023-01-19T15:47:39.226"}}, {"model": "sessions.session", "pk": "kzjcgaeenc6sdrgphzy2xs7wbdmiwaab", "fields": {"session_data": ".eJxVjDsOwjAQBe_iGln-IpuSnjNYu-s1DiBbipMq4u4QKQW0b2beJhKsS03r4DlNWVyEEaffDYGe3HaQH9DuXVJvyzyh3BV50CFvPfPrerh_BxVG_dZYDAeni0dnjLPBRS5YdAwUkTJF6zUAeLBZMfqgNdlSsomK4xmCUeL9Afj-OGA:1pDSAz:yOW-ysHYSuwWH1Hauk0FqpJcB2P_xCidIklGasTJzA0", "expire_date": "2023-01-19T16:29:05.453"}}, {"model": "sessions.session", "pk": "l5bwc8qbg1csmflt12qlae5gy16v4b5y", "fields": {"session_data": ".eJxVjDsOwjAQBe_iGln-IpuSnjNYu-s1DiBbipMq4u4QKQW0b2beJhKsS03r4DlNWVyEEaffDYGe3HaQH9DuXVJvyzyh3BV50CFvPfPrerh_BxVG_dZYDAeni0dnjLPBRS5YdAwUkTJF6zUAeLBZMfqgNdlSsomK4xmCUeL9Afj-OGA:1pDRyf:zhB6D07WY7-_KHyXPL6ud3pxHsFzDqpla00nnwX_4Co", "expire_date": "2023-01-19T16:16:21.617"}}, {"model": "sessions.session", "pk": "l69ct2gmf1b0mkyaed4osreoeze9zign", "fields": {"session_data": ".eJxVjDsOwjAQBe_iGln-IpuSnjNYu-s1DiBbipMq4u4QKQW0b2beJhKsS03r4DlNWVyEEaffDYGe3HaQH9DuXVJvyzyh3BV50CFvPfPrerh_BxVG_dZYDAeni0dnjLPBRS5YdAwUkTJF6zUAeLBZMfqgNdlSsomK4xmCUeL9Afj-OGA:1pDS6e:oZ2f-btlG1W5tDMex9VYOw1XAKXz3dSh15cDs0ywYZQ", "expire_date": "2023-01-19T16:24:36.047"}}, {"model": "sessions.session", "pk": "l6tagjp0aicrjdgr1a1o7c6iwgcz6m8q", "fields": {"session_data": ".eJxVjDsOwjAQBe_iGln-IpuSnjNYu-s1DiBbipMq4u4QKQW0b2beJhKsS03r4DlNWVyEEaffDYGe3HaQH9DuXVJvyzyh3BV50CFvPfPrerh_BxVG_dZYDAeni0dnjLPBRS5YdAwUkTJF6zUAeLBZMfqgNdlSsomK4xmCUeL9Afj-OGA:1pDSEz:TiqUufrNI5B2ViH6jxt1Cq209lNeJRK2zRtsaqQkw8A", "expire_date": "2023-01-19T16:33:13.500"}}, {"model": "sessions.session", "pk": "ldaed3ybkcdj80ocwkz07ljcfnt3bw8c", "fields": {"session_data": ".eJxVjDsOwjAQBe_iGln-IpuSnjNYu-s1DiBbipMq4u4QKQW0b2beJhKsS03r4DlNWVyEEaffDYGe3HaQH9DuXVJvyzyh3BV50CFvPfPrerh_BxVG_dZYDAeni0dnjLPBRS5YdAwUkTJF6zUAeLBZMfqgNdlSsomK4xmCUeL9Afj-OGA:1pDRbl:dPWOYTBDZLPCySjKAtCsj-J_0rq5vGkJd8OyzL5BBEI", "expire_date": "2023-01-19T15:52:41.850"}}, {"model": "sessions.session", "pk": "lefmux5enr2lda7wpf65rkx0n40t3pnb", "fields": {"session_data": ".eJxVjDsOwjAQBe_iGln-IpuSnjNYu941DiBbipMq4u4QKQW0b2beJhKsS03r4DlNJC7CitPvhpCf3HZAD2j3LnNvyzyh3BV50CFvnfh1Pdy_gwqjfmsshoPTxaMzxtngIhcsOoYcMVOO1msA8GBJMfqgdbalkImK4xmCUeL9AfmXOGE:1pDRZX:ujEVyAXwVNGFw08DtRwKgOBDz4ysdiXotsXPsP3-yp8", "expire_date": "2023-01-19T15:50:23.371"}}, {"model": "sessions.session", "pk": "lgis31ejzxt05gv9psjrtzqe8qw2v75u", "fields": {"session_data": ".eJxVjDsOwjAQBe_iGln-IpuSnjNYu-s1DiBbipMq4u4QKQW0b2beJhKsS03r4DlNWVyEEaffDYGe3HaQH9DuXVJvyzyh3BV50CFvPfPrerh_BxVG_dZYDAeni0dnjLPBRS5YdAwUkTJF6zUAeLBZMfqgNdlSsomK4xmCUeL9Afj-OGA:1pDSOS:fqdQ98ggaB_xVzklSw9RUVprSiClUDIZHOmxPOW48KA", "expire_date": "2023-01-19T16:43:00.398"}}, {"model": "sessions.session", "pk": "lvzjohyqy10z41oktfw6zoxgl0i682ky", "fields": {"session_data": ".eJxVjDsOwjAQBe_iGln-IpuSnjNYu-s1DiBbipMq4u4QKQW0b2beJhKsS03r4DlNWVyEEaffDYGe3HaQH9DuXVJvyzyh3BV50CFvPfPrerh_BxVG_dZYDAeni0dnjLPBRS5YdAwUkTJF6zUAeLBZMfqgNdlSsomK4xmCUeL9Afj-OGA:1pDRUG:A7-IkruJz9s1zqw2iHLwXoPWfWEefp3TNl_aBD6ykBA", "expire_date": "2023-01-19T15:44:56.952"}}, {"model": "sessions.session", "pk": "lwbnjdq6650r050tvrqx3odhp6dae0fz", "fields": {"session_data": ".eJxVjDsOwjAQBe_iGln-IpuSnjNYu-s1DiBbipMq4u4QKQW0b2beJhKsS03r4DlNWVyEEaffDYGe3HaQH9DuXVJvyzyh3BV50CFvPfPrerh_BxVG_dZYDAeni0dnjLPBRS5YdAwUkTJF6zUAeLBZMfqgNdlSsomK4xmCUeL9Afj-OGA:1pDSNz:M-Y17WrxqSp9WHc2xdRaRcMPcTtzQkEluN0SCoNH11k", "expire_date": "2023-01-19T16:42:31.874"}}, {"model": "sessions.session", "pk": "lxrpzci1y5q033v0c1qy46quvblrvfmx", "fields": {"session_data": ".eJxVjDsOwjAQBe_iGln-IpuSnjNYu-s1DiBbipMq4u4QKQW0b2beJhKsS03r4DlNWVyEEaffDYGe3HaQH9DuXVJvyzyh3BV50CFvPfPrerh_BxVG_dZYDAeni0dnjLPBRS5YdAwUkTJF6zUAeLBZMfqgNdlSsomK4xmCUeL9Afj-OGA:1pDRj0:FyaMpufDS7vX62E-6a8qXD3EqvbGk5-sbT29o1dFyls", "expire_date": "2023-01-19T16:00:10.088"}}, {"model": "sessions.session", "pk": "m5gkye3ulw8spjeb1o53mrt22nlbmtsg", "fields": {"session_data": ".eJxVjDsOwjAQBe_iGln-IpuSnjNYu-s1DiBbipMq4u4QKQW0b2beJhKsS03r4DlNWVyEEaffDYGe3HaQH9DuXVJvyzyh3BV50CFvPfPrerh_BxVG_dZYDAeni0dnjLPBRS5YdAwUkTJF6zUAeLBZMfqgNdlSsomK4xmCUeL9Afj-OGA:1pDSsI:hzi7-ZwBVNzWKek7dVmyxfIys44fnEBhjpPJcYxex7E", "expire_date": "2023-01-19T17:13:50.998"}}, {"model": "sessions.session", "pk": "m61rsbym9x9klvlcck03a4mz9ye2ivk3", "fields": {"session_data": ".eJxVjDsOwjAQBe_iGln-IpuSnjNYu-s1DiBbipMq4u4QKQW0b2beJhKsS03r4DlNWVyEEaffDYGe3HaQH9DuXVJvyzyh3BV50CFvPfPrerh_BxVG_dZYDAeni0dnjLPBRS5YdAwUkTJF6zUAeLBZMfqgNdlSsomK4xmCUeL9Afj-OGA:1pDSOg:Sm0DZiBFYSeidT-9ylUY-4EgUf8wJWcQgqxJfmrNtVk", "expire_date": "2023-01-19T16:43:14.254"}}, {"model": "sessions.session", "pk": "m8nn534jxojjz7a8yi4d2ecctxgqo9y0", "fields": {"session_data": ".eJxVjDsOwjAQBe_iGln-IpuSnjNYu941DiBbipMq4u4QKQW0b2beJhKsS03r4DlNJC7CitPvhpCf3HZAD2j3LnNvyzyh3BV50CFvnfh1Pdy_gwqjfmsshoPTxaMzxtngIhcsOoYcMVOO1msA8GBJMfqgdbalkImK4xmCUeL9AfmXOGE:1pDRf8:PaMg_Kcv54iQSiq5u8O79Ew7rae9PxcRSxZ4Z7JyEDU", "expire_date": "2023-01-19T15:56:10.692"}}, {"model": "sessions.session", "pk": "m9mbwqlxyeysql3pxl2zib3lj7acn2v8", "fields": {"session_data": ".eJxVjDsOwjAQBe_iGln-IpuSnjNYu-s1DiBbipMq4u4QKQW0b2beJhKsS03r4DlNWVyEEaffDYGe3HaQH9DuXVJvyzyh3BV50CFvPfPrerh_BxVG_dZYDAeni0dnjLPBRS5YdAwUkTJF6zUAeLBZMfqgNdlSsomK4xmCUeL9Afj-OGA:1pDSwO:fEbUzzOWXrK40YfG_OVTPuukQBo4YEZ5h5Mt4_LUXCI", "expire_date": "2023-01-19T17:18:04.566"}}, {"model": "sessions.session", "pk": "mluiur9s0ioeen5aiir6qdc6m5lwfdiy", "fields": {"session_data": ".eJxVjDsOwjAQBe_iGln-IpuSnjNYu941DiBbipMq4u4QKQW0b2beJhKsS03r4DlNJC7CitPvhpCf3HZAD2j3LnNvyzyh3BV50CFvnfh1Pdy_gwqjfmsshoPTxaMzxtngIhcsOoYcMVOO1msA8GBJMfqgdbalkImK4xmCUeL9AfmXOGE:1pDRia:z0-FdnNNYSf0vII7UeU7CtCd5Mu51wHj0W-mI00U4Qc", "expire_date": "2023-01-19T15:59:44.897"}}, {"model": "sessions.session", "pk": "mst0ves96iharroum3ho5dy7lmyg85j6", "fields": {"session_data": ".eJxVjDsOwjAQBe_iGln-IpuSnjNYu-s1DiBbipMq4u4QKQW0b2beJhKsS03r4DlNWVyEEaffDYGe3HaQH9DuXVJvyzyh3BV50CFvPfPrerh_BxVG_dZYDAeni0dnjLPBRS5YdAwUkTJF6zUAeLBZMfqgNdlSsomK4xmCUeL9Afj-OGA:1pDSmd:e-Btt_8m1tnPUF6KFyKBOOHgmdmMHObuARxfQ-RD9BI", "expire_date": "2023-01-19T17:07:59.158"}}, {"model": "sessions.session", "pk": "mt6gb5wkeslpnbcjyh0a68f0crfoo6kr", "fields": {"session_data": ".eJxVjDsOwjAQBe_iGln-IpuSnjNYu-s1DiBbipMq4u4QKQW0b2beJhKsS03r4DlNWVyEEaffDYGe3HaQH9DuXVJvyzyh3BV50CFvPfPrerh_BxVG_dZYDAeni0dnjLPBRS5YdAwUkTJF6zUAeLBZMfqgNdlSsomK4xmCUeL9Afj-OGA:1pDRVK:xzIRIyG5lz2TqouqnIhp4bf-dMekOtVGKzFmcnFyDLk", "expire_date": "2023-01-19T15:46:02.155"}}, {"model": "sessions.session", "pk": "mzwz4ihiehft8qtx6n5cqaao6fmjnyba", "fields": {"session_data": ".eJxVjDsOwjAQBe_iGln-IpuSnjNYu-s1DiBbipMq4u4QKQW0b2beJhKsS03r4DlNWVyEEaffDYGe3HaQH9DuXVJvyzyh3BV50CFvPfPrerh_BxVG_dZYDAeni0dnjLPBRS5YdAwUkTJF6zUAeLBZMfqgNdlSsomK4xmCUeL9Afj-OGA:1pCRuf:x1NTuzrN4a_Rei-NE9aZEQ-lG98X3_QRpNE9h_ds6g0", "expire_date": "2023-01-16T21:00:05.022"}}, {"model": "sessions.session", "pk": "n3pih47e3tgzp8w2hxtar25agkc03n4l", "fields": {"session_data": ".eJxVjDsOwjAQBe_iGln-IpuSnjNYu-s1DiBbipMq4u4QKQW0b2beJhKsS03r4DlNWVyEEaffDYGe3HaQH9DuXVJvyzyh3BV50CFvPfPrerh_BxVG_dZYDAeni0dnjLPBRS5YdAwUkTJF6zUAeLBZMfqgNdlSsomK4xmCUeL9Afj-OGA:1pDSBf:vOp-179F-dZ-W6oERpXv3qOMW7j5gqvUkAv1FGJ_rZY", "expire_date": "2023-01-19T16:29:47.568"}}, {"model": "sessions.session", "pk": "njw7o97qvroddq728fjwzrs01z9a4xeh", "fields": {"session_data": ".eJxVjDsOwjAQBe_iGln-IpuSnjNYu-s1DiBbipMq4u4QKQW0b2beJhKsS03r4DlNWVyEEaffDYGe3HaQH9DuXVJvyzyh3BV50CFvPfPrerh_BxVG_dZYDAeni0dnjLPBRS5YdAwUkTJF6zUAeLBZMfqgNdlSsomK4xmCUeL9Afj-OGA:1pDRTV:C2sQQ9I4Zy-XbI9Qe84qzzpYjIcQzW0gS6p4mspbKUM", "expire_date": "2023-01-19T15:44:09.135"}}, {"model": "sessions.session", "pk": "nkbqnbpup4g5sjwd2eh2e5zvhyt652lk", "fields": {"session_data": ".eJxVjDsOwjAQBe_iGln-IpuSnjNYu-s1DiBbipMq4u4QKQW0b2beJhKsS03r4DlNWVyEEaffDYGe3HaQH9DuXVJvyzyh3BV50CFvPfPrerh_BxVG_dZYDAeni0dnjLPBRS5YdAwUkTJF6zUAeLBZMfqgNdlSsomK4xmCUeL9Afj-OGA:1pDSMT:V2mK_7YgNdkEwe6GxeCfNqmVGRV5P0_o6QKEaLhoFz4", "expire_date": "2023-01-19T16:40:57.049"}}, {"model": "sessions.session", "pk": "nlrr299xhlzizus23fnb9fvfhcj01thw", "fields": {"session_data": ".eJxVjDsOwjAQBe_iGln-IpuSnjNYu-s1DiBbipMq4u4QKQW0b2beJhKsS03r4DlNWVyEEaffDYGe3HaQH9DuXVJvyzyh3BV50CFvPfPrerh_BxVG_dZYDAeni0dnjLPBRS5YdAwUkTJF6zUAeLBZMfqgNdlSsomK4xmCUeL9Afj-OGA:1pDSlH:nm8Vl5HLXlOS0_4csx0bDzW9WXvIbIjO1lMXBjyd_oo", "expire_date": "2023-01-19T17:06:35.194"}}, {"model": "sessions.session", "pk": "nrbvjz8hjd3jf82zwyvz3b9p6605xr00", "fields": {"session_data": ".eJxVjDsOwjAQBe_iGln-IpuSnjNYu-s1DiBbipMq4u4QKQW0b2beJhKsS03r4DlNWVyEEaffDYGe3HaQH9DuXVJvyzyh3BV50CFvPfPrerh_BxVG_dZYDAeni0dnjLPBRS5YdAwUkTJF6zUAeLBZMfqgNdlSsomK4xmCUeL9Afj-OGA:1pDStQ:lo-raiX3lybZvrk1KXej7dac7v33vkxTEhVrEFPKvnc", "expire_date": "2023-01-19T17:15:00.886"}}, {"model": "sessions.session", "pk": "nxrgcmhcy86d7zly44g9583wxb0am8j3", "fields": {"session_data": ".eJxVjDsOwjAQBe_iGln-IpuSnjNYu-s1DiBbipMq4u4QKQW0b2beJhKsS03r4DlNWVyEEaffDYGe3HaQH9DuXVJvyzyh3BV50CFvPfPrerh_BxVG_dZYDAeni0dnjLPBRS5YdAwUkTJF6zUAeLBZMfqgNdlSsomK4xmCUeL9Afj-OGA:1pD7O2:ERKmnJJRGh2tzPlk3LUgXavp4NF2BN6G1VDxuj2jnSo", "expire_date": "2023-01-18T17:17:10.936"}}, {"model": "sessions.session", "pk": "o3mhcpi98xyyms1nhx75grb56mcsdqvc", "fields": {"session_data": ".eJxVjDsOwjAQBe_iGln-IpuSnjNYu-s1DiBbipMq4u4QKQW0b2beJhKsS03r4DlNWVyEEaffDYGe3HaQH9DuXVJvyzyh3BV50CFvPfPrerh_BxVG_dZYDAeni0dnjLPBRS5YdAwUkTJF6zUAeLBZMfqgNdlSsomK4xmCUeL9Afj-OGA:1pDStY:Ow7DTAlCX1JmODHiBt-sYRYskdEJPpRyUiTmfw2lQGk", "expire_date": "2023-01-19T17:15:08.684"}}, {"model": "sessions.session", "pk": "o81ovq6v3247qnw9ozzwdxrq3nsqnh7o", "fields": {"session_data": ".eJxVjDsOwjAQBe_iGln-IpuSnjNYu-s1DiBbipMq4u4QKQW0b2beJhKsS03r4DlNWVyEEaffDYGe3HaQH9DuXVJvyzyh3BV50CFvPfPrerh_BxVG_dZYDAeni0dnjLPBRS5YdAwUkTJF6zUAeLBZMfqgNdlSsomK4xmCUeL9Afj-OGA:1pDSF5:N0bxRAAsgFYBnyRkOMEc1M9y-pHmqY6FN494o2xnrJM", "expire_date": "2023-01-19T16:33:19.213"}}, {"model": "sessions.session", "pk": "oa8wwjrox2o1wn7jsykloqnqtspmqcxw", "fields": {"session_data": ".eJxVjDsOwjAQBe_iGln-IpuSnjNYu-s1DiBbipMq4u4QKQW0b2beJhKsS03r4DlNWVyEEaffDYGe3HaQH9DuXVJvyzyh3BV50CFvPfPrerh_BxVG_dZYDAeni0dnjLPBRS5YdAwUkTJF6zUAeLBZMfqgNdlSsomK4xmCUeL9Afj-OGA:1pDSlq:3dXdbChi-mbdng4tb46ww6t5igPyGn30DG1z_IPEr3w", "expire_date": "2023-01-19T17:07:10.871"}}, {"model": "sessions.session", "pk": "oom35s3cxhsvyun83faezb7nzohlel30", "fields": {"session_data": ".eJxVjDsOwjAQBe_iGln-IpuSnjNYu-s1DiBbipMq4u4QKQW0b2beJhKsS03r4DlNWVyEEaffDYGe3HaQH9DuXVJvyzyh3BV50CFvPfPrerh_BxVG_dZYDAeni0dnjLPBRS5YdAwUkTJF6zUAeLBZMfqgNdlSsomK4xmCUeL9Afj-OGA:1pDSNE:8pPPRkYN7jnq9u87HFzG6lquMtPQNu5fpFq-uTKVQmo", "expire_date": "2023-01-19T16:41:44.088"}}, {"model": "sessions.session", "pk": "oylyfusjhhtcuw8e2qjkbp5zrnuqgxph", "fields": {"session_data": ".eJxVjDsOwjAQBe_iGln-IpuSnjNYu-s1DiBbipMq4u4QKQW0b2beJhKsS03r4DlNWVyEEaffDYGe3HaQH9DuXVJvyzyh3BV50CFvPfPrerh_BxVG_dZYDAeni0dnjLPBRS5YdAwUkTJF6zUAeLBZMfqgNdlSsomK4xmCUeL9Afj-OGA:1pDSlQ:tgeEKhA81ZSfPXU7O6yjiwnpcJwX_Q5nU176yxDXY9s", "expire_date": "2023-01-19T17:06:44.906"}}, {"model": "sessions.session", "pk": "p213sszac0h0zavq7cmymfy5vn5cb0la", "fields": {"session_data": ".eJxVjDsOwjAQBe_iGln-IpuSnjNYu-s1DiBbipMq4u4QKQW0b2beJhKsS03r4DlNWVyEFqffDYGe3HaQH9DuXVJvyzyh3BV50CFvPfPrerh_BxVG_dZYDAeni0dnjLPBRS5YdAwUkTJF6zUAeLBZMfqgNdlSsomK4xmCUeL9AfhlOF8:1pDREC:cIFTwEp6sqQ_5Spme4d9YemHrU6p7CCWUANUZvL8QnA", "expire_date": "2023-01-19T15:28:20.467"}}, {"model": "sessions.session", "pk": "papdc4m4rl1eask5iend8mo9rbbde7tj", "fields": {"session_data": ".eJxVjDsOwjAQBe_iGln-IpuSnjNYu-s1DiBbipMq4u4QKQW0b2beJhKsS03r4DlNWVyEEaffDYGe3HaQH9DuXVJvyzyh3BV50CFvPfPrerh_BxVG_dZYDAeni0dnjLPBRS5YdAwUkTJF6zUAeLBZMfqgNdlSsomK4xmCUeL9Afj-OGA:1pDSG1:fSEIZHJnt0iUinDoQBGMhcgTz6B8af8oPG_5-N3t1hQ", "expire_date": "2023-01-19T16:34:17.717"}}, {"model": "sessions.session", "pk": "pcd72vcmbriv2glszhh6xf9nwnwa0bqt", "fields": {"session_data": ".eJxVjDsOwjAQBe_iGln-IpuSnjNYu-s1DiBbipMq4u4QKQW0b2beJhKsS03r4DlNWVyEEaffDYGe3HaQH9DuXVJvyzyh3BV50CFvPfPrerh_BxVG_dZYDAeni0dnjLPBRS5YdAwUkTJF6zUAeLBZMfqgNdlSsomK4xmCUeL9Afj-OGA:1pDSEG:0olUcXJ8FMPX5nZjyooXQJwM6Xriyxj3yNQ-lo2yKfM", "expire_date": "2023-01-19T16:32:28.806"}}, {"model": "sessions.session", "pk": "pnjrb0hol2izbdtqjcl2iszyuup8q5s9", "fields": {"session_data": ".eJxVjDsOwjAQBe_iGln-IpuSnjNYu-s1DiBbipMq4u4QKQW0b2beJhKsS03r4DlNWVyEEaffDYGe3HaQH9DuXVJvyzyh3BV50CFvPfPrerh_BxVG_dZYDAeni0dnjLPBRS5YdAwUkTJF6zUAeLBZMfqgNdlSsomK4xmCUeL9Afj-OGA:1pDSmE:fof2Aod-q5OjXBpk-q8-MBqJeOaZRkmY5nzbcON0VBU", "expire_date": "2023-01-19T17:07:34.766"}}, {"model": "sessions.session", "pk": "pp5m9ezxr4th0butmkca0aopqy2vipuo", "fields": {"session_data": ".eJxVjDsOwjAQBe_iGln-IpuSnjNYu941DiBbipMq4u4QKQW0b2beJhKsS03r4DlNJC7CitPvhpCf3HZAD2j3LnNvyzyh3BV50CFvnfh1Pdy_gwqjfmsshoPTxaMzxtngIhcsOoYcMVOO1msA8GBJMfqgdbalkImK4xmCUeL9AfmXOGE:1pDRTK:Cxlgw9d1jv85Gii-XkB6wY1jB8iKYepda5SlIx2cQro", "expire_date": "2023-01-19T15:43:58.323"}}, {"model": "sessions.session", "pk": "pt66cvhz4j9kvn1gajcwwlpvayl7t3s7", "fields": {"session_data": ".eJxVjDsOwjAQBe_iGln-IpuSnjNYu-s1DiBbipMq4u4QKQW0b2beJhKsS03r4DlNWVyEFqffDYGe3HaQH9DuXVJvyzyh3BV50CFvPfPrerh_BxVG_dZYDAeni0dnjLPBRS5YdAwUkTJF6zUAeLBZMfqgNdlSsomK4xmCUeL9AfhlOF8:1pDQqP:yoi48vsEEcVjiIF1Q9oq8yW1zHxfT_PV4eUqkX_sWSA", "expire_date": "2023-01-19T15:03:45.052"}}, {"model": "sessions.session", "pk": "puwo2w85vk3s7naxx4l26g124ugvg809", "fields": {"session_data": ".eJxVjDsOwjAQBe_iGln-IpuSnjNYu941DiBbipMq4u4QKQW0b2beJhKsS03r4DlNJC7CitPvhpCf3HZAD2j3LnNvyzyh3BV50CFvnfh1Pdy_gwqjfmsshoPTxaMzxtngIhcsOoYcMVOO1msA8GBJMfqgdbalkImK4xmCUeL9AfmXOGE:1pDRbh:Jgbj3GvDu1iZhRoMEmgLxilTUzjB5i54EVYTSXOYdH0", "expire_date": "2023-01-19T15:52:37.577"}}, {"model": "sessions.session", "pk": "q05lxo3bi7gnn8gniibwqz63crufye4j", "fields": {"session_data": ".eJxVjDsOwjAQBe_iGln-IpuSnjNYu-s1DiBbipMq4u4QKQW0b2beJhKsS03r4DlNWVyEEaffDYGe3HaQH9DuXVJvyzyh3BV50CFvPfPrerh_BxVG_dZYDAeni0dnjLPBRS5YdAwUkTJF6zUAeLBZMfqgNdlSsomK4xmCUeL9Afj-OGA:1pDSHl:fm3f0_xyMcQtroH2EnRH2WciyAyOYPkq7RNUDKP_fJk", "expire_date": "2023-01-19T16:36:05.298"}}, {"model": "sessions.session", "pk": "q1ozivaxab7z0c8d7fkmevf801yxgarn", "fields": {"session_data": ".eJxVjDsOwjAQBe_iGln-IpuSnjNYu-s1DiBbipMq4u4QKQW0b2beJhKsS03r4DlNWVyEEaffDYGe3HaQH9DuXVJvyzyh3BV50CFvPfPrerh_BxVG_dZYDAeni0dnjLPBRS5YdAwUkTJF6zUAeLBZMfqgNdlSsomK4xmCUeL9Afj-OGA:1pDSx5:AETHNglfAEWGtO9Hms7D8qPXOgN0pYsoDp6c-19DCrs", "expire_date": "2023-01-19T17:18:47.651"}}, {"model": "sessions.session", "pk": "q9t0e7p0cooimylgxq0t0tndz14i5r8e", "fields": {"session_data": ".eJxVjDsOwjAQBe_iGln-IpuSnjNYu-s1DiBbipMq4u4QKQW0b2beJhKsS03r4DlNWVyEEaffDYGe3HaQH9DuXVJvyzyh3BV50CFvPfPrerh_BxVG_dZYDAeni0dnjLPBRS5YdAwUkTJF6zUAeLBZMfqgNdlSsomK4xmCUeL9Afj-OGA:1pDSBs:TVDa6Ih-8pAc65nPsxzBp9hmyNuQ7jc4EH_rf9bGkBo", "expire_date": "2023-01-19T16:30:00.517"}}, {"model": "sessions.session", "pk": "qa35eds69apixvcjgjfbdezx14adc0wc", "fields": {"session_data": ".eJxVjDsOwjAQBe_iGln-IpuSnjNYu-s1DiBbipMq4u4QKQW0b2beJhKsS03r4DlNWVyEEaffDYGe3HaQH9DuXVJvyzyh3BV50CFvPfPrerh_BxVG_dZYDAeni0dnjLPBRS5YdAwUkTJF6zUAeLBZMfqgNdlSsomK4xmCUeL9Afj-OGA:1pDRil:QDtTQn0wkZ9E3QRRkhnzsncXmf6FyvvcLinFzXuRDnk", "expire_date": "2023-01-19T15:59:55.626"}}, {"model": "sessions.session", "pk": "qagqbq0nj7n17dhliucem79lnsnifeza", "fields": {"session_data": ".eJxVjDsOwjAQBe_iGln-IpuSnjNYu-s1DiBbipMq4u4QKQW0b2beJhKsS03r4DlNWVyEEaffDYGe3HaQH9DuXVJvyzyh3BV50CFvPfPrerh_BxVG_dZYDAeni0dnjLPBRS5YdAwUkTJF6zUAeLBZMfqgNdlSsomK4xmCUeL9Afj-OGA:1pDSlx:DQQIcsUeqjipKuXZNjC8I0YPeZSyZk7BYpPUNUh-EGY", "expire_date": "2023-01-19T17:07:17.818"}}, {"model": "sessions.session", "pk": "qjzvktr9lpy6r6szjkzjijpmuwq20c6t", "fields": {"session_data": ".eJxVjDsOwjAQBe_iGln-IpuSnjNYu-s1DiBbipMq4u4QKQW0b2beJhKsS03r4DlNWVyEEaffDYGe3HaQH9DuXVJvyzyh3BV50CFvPfPrerh_BxVG_dZYDAeni0dnjLPBRS5YdAwUkTJF6zUAeLBZMfqgNdlSsomK4xmCUeL9Afj-OGA:1pDSt1:dXWo62OIQZqOZgOD4h1ltcTqZZiqHvH6iirYZsPojHc", "expire_date": "2023-01-19T17:14:35.214"}}, {"model": "sessions.session", "pk": "qmnucnc1vb4o14dzdi111mz841wviif1", "fields": {"session_data": ".eJxVjDsOwjAQBe_iGln-IpuSnjNYu-s1DiBbipMq4u4QKQW0b2beJhKsS03r4DlNWVyEEaffDYGe3HaQH9DuXVJvyzyh3BV50CFvPfPrerh_BxVG_dZYDAeni0dnjLPBRS5YdAwUkTJF6zUAeLBZMfqgNdlSsomK4xmCUeL9Afj-OGA:1pDRfn:cwhIyOZ5-LXxhuYe_WdDFJcsb9BPjN2yVucFMaDVf0o", "expire_date": "2023-01-19T15:56:51.218"}}, {"model": "sessions.session", "pk": "r96504ap4i2k5crucfcrmbqmjuypqhyg", "fields": {"session_data": ".eJxVjDsOwjAQBe_iGln-IpuSnjNYu-s1DiBbipMq4u4QKQW0b2beJhKsS03r4DlNWVyEEaffDYGe3HaQH9DuXVJvyzyh3BV50CFvPfPrerh_BxVG_dZYDAeni0dnjLPBRS5YdAwUkTJF6zUAeLBZMfqgNdlSsomK4xmCUeL9Afj-OGA:1pDRmp:LBNdcSazE0KRw87K4mrqRhBkGVQ-OryQoNW1VpBRbdY", "expire_date": "2023-01-19T16:04:07.334"}}, {"model": "sessions.session", "pk": "r9n3bo2z861i5u7jfo13v27a5975dqu3", "fields": {"session_data": ".eJxVjDsOwjAQBe_iGln-IpuSnjNYu-s1DiBbipMq4u4QKQW0b2beJhKsS03r4DlNWVyEEaffDYGe3HaQH9DuXVJvyzyh3BV50CFvPfPrerh_BxVG_dZYDAeni0dnjLPBRS5YdAwUkTJF6zUAeLBZMfqgNdlSsomK4xmCUeL9Afj-OGA:1pDRE5:hDQNwI8J8I3gmhVHeCmJCqJlv_LqVot7JCEl7yO1aaM", "expire_date": "2023-01-19T15:28:13.223"}}, {"model": "sessions.session", "pk": "rde8tceu8b0upzpt1hohxol72i9ikltb", "fields": {"session_data": ".eJxVjDsOwjAQBe_iGln-IpuSnjNYu-s1DiBbipMq4u4QKQW0b2beJhKsS03r4DlNWVyEEaffDYGe3HaQH9DuXVJvyzyh3BV50CFvPfPrerh_BxVG_dZYDAeni0dnjLPBRS5YdAwUkTJF6zUAeLBZMfqgNdlSsomK4xmCUeL9Afj-OGA:1pDSHH:CTfmedAvd2tyZHlpkf5IxO97pnrmKuQZzkU5Ipc-dx4", "expire_date": "2023-01-19T16:35:35.905"}}, {"model": "sessions.session", "pk": "rj4f2gr8cq6movb5std16whralvi1flx", "fields": {"session_data": ".eJxVjDsOwjAQBe_iGln-IpuSnjNYu-s1DiBbipMq4u4QKQW0b2beJhKsS03r4DlNWVyEEaffDYGe3HaQH9DuXVJvyzyh3BV50CFvPfPrerh_BxVG_dZYDAeni0dnjLPBRS5YdAwUkTJF6zUAeLBZMfqgNdlSsomK4xmCUeL9Afj-OGA:1pDnLr:hA_GKyQwUifBfpdq3NW2CWAPpkphX28mIhUGcOXM5Ks", "expire_date": "2023-01-20T15:05:43.886"}}, {"model": "sessions.session", "pk": "rwxmhehyes1pdgkfihwnnqysop3hlnti", "fields": {"session_data": ".eJxVjDsOwjAQBe_iGln-IpuSnjNYu-s1DiBbipMq4u4QKQW0b2beJhKsS03r4DlNWVyEEaffDYGe3HaQH9DuXVJvyzyh3BV50CFvPfPrerh_BxVG_dZYDAeni0dnjLPBRS5YdAwUkTJF6zUAeLBZMfqgNdlSsomK4xmCUeL9Afj-OGA:1pDSm0:rkkghJcshk__xXeIu9XSI6xdjcILOBU8IMZIwvAMjsM", "expire_date": "2023-01-19T17:07:20.780"}}, {"model": "sessions.session", "pk": "s7sbidvn2tp28jlhnbn1ysp4u0jfqner", "fields": {"session_data": ".eJxVjDsOwjAQBe_iGln-IpuSnjNYu-s1DiBbipMq4u4QKQW0b2beJhKsS03r4DlNWVyEEaffDYGe3HaQH9DuXVJvyzyh3BV50CFvPfPrerh_BxVG_dZYDAeni0dnjLPBRS5YdAwUkTJF6zUAeLBZMfqgNdlSsomK4xmCUeL9Afj-OGA:1pDSPO:vo4_sb8SGM0s6OOlOA2a-Ta3LtuDHXf0XLuXBpS81W8", "expire_date": "2023-01-19T16:43:58.502"}}, {"model": "sessions.session", "pk": "s8svmdzfjruh2tr4ewt3z31gncuzfs41", "fields": {"session_data": ".eJxVjDsOwjAQBe_iGln-IpuSnjNYu-s1DiBbipMq4u4QKQW0b2beJhKsS03r4DlNWVyEEaffDYGe3HaQH9DuXVJvyzyh3BV50CFvPfPrerh_BxVG_dZYDAeni0dnjLPBRS5YdAwUkTJF6zUAeLBZMfqgNdlSsomK4xmCUeL9Afj-OGA:1pDSs0:rjLDDpSzz_nEcwzVnSaSEEcMibQm8g5DiBs8SGBfWLU", "expire_date": "2023-01-19T17:13:32.498"}}, {"model": "sessions.session", "pk": "sa8w6qj61s3ysrmq2blqkmpgko8rviyt", "fields": {"session_data": ".eJxVjDsOwjAQBe_iGln-IpuSnjNYu-s1DiBbipMq4u4QKQW0b2beJhKsS03r4DlNWVyEEaffDYGe3HaQH9DuXVJvyzyh3BV50CFvPfPrerh_BxVG_dZYDAeni0dnjLPBRS5YdAwUkTJF6zUAeLBZMfqgNdlSsomK4xmCUeL9Afj-OGA:1pDStm:i7RUymvERH8DNV6AJE57IzopA1T6xXkrfG6A9lDTyKE", "expire_date": "2023-01-19T17:15:22.820"}}, {"model": "sessions.session", "pk": "sbmkvuutlx100m2g2h4nwvd85nxa5qgy", "fields": {"session_data": ".eJxVjDsOwjAQBe_iGln-IpuSnjNYu-s1DiBbipMq4u4QKQW0b2beJhKsS03r4DlNWVyEEaffDYGe3HaQH9DuXVJvyzyh3BV50CFvPfPrerh_BxVG_dZYDAeni0dnjLPBRS5YdAwUkTJF6zUAeLBZMfqgNdlSsomK4xmCUeL9Afj-OGA:1pDRT9:fx2NzIaOaRwZ_2KqXWkdg8ClSnJzvxzvmE5-LwmTvU8", "expire_date": "2023-01-19T15:43:47.628"}}, {"model": "sessions.session", "pk": "sdsv1rza0i2zrlt1o4swhzu4wsff2nxs", "fields": {"session_data": ".eJxVjDsOwjAQBe_iGln-IpuSnjNYu-s1DiBbipMq4u4QKQW0b2beJhKsS03r4DlNWVyEEaffDYGe3HaQH9DuXVJvyzyh3BV50CFvPfPrerh_BxVG_dZYDAeni0dnjLPBRS5YdAwUkTJF6zUAeLBZMfqgNdlSsomK4xmCUeL9Afj-OGA:1pDS0D:ZK9Z7TLMqjpnYsdEKsTkMQziVdd7MhYDcBEUhfMddPc", "expire_date": "2023-01-19T16:17:57.064"}}, {"model": "sessions.session", "pk": "sf59o5jdyhg23g3dqcs15i980814gwh0", "fields": {"session_data": ".eJxVjDsOwjAQBe_iGln-IpuSnjNYu-s1DiBbipMq4u4QKQW0b2beJhKsS03r4DlNWVyEEaffDYGe3HaQH9DuXVJvyzyh3BV50CFvPfPrerh_BxVG_dZYDAeni0dnjLPBRS5YdAwUkTJF6zUAeLBZMfqgNdlSsomK4xmCUeL9Afj-OGA:1pDROY:U11Z_wvO30ALBopPZJWUMZfvpFcvSpFg1QtcMCevmlM", "expire_date": "2023-01-19T15:39:02.712"}}, {"model": "sessions.session", "pk": "smhlx06v621wlhwpop19mud1ammhnh3g", "fields": {"session_data": ".eJxVjDsOwjAQBe_iGln-IpuSnjNYu-s1DiBbipMq4u4QKQW0b2beJhKsS03r4DlNWVyEEaffDYGe3HaQH9DuXVJvyzyh3BV50CFvPfPrerh_BxVG_dZYDAeni0dnjLPBRS5YdAwUkTJF6zUAeLBZMfqgNdlSsomK4xmCUeL9Afj-OGA:1pDSBQ:ERMqoOqWBUe8E5n41LwMp2M3yS0iFtiJmjqT8XuFKiQ", "expire_date": "2023-01-19T16:29:32.986"}}, {"model": "sessions.session", "pk": "spxm7z9vqi4gpsatsgpbystjx9bgg44b", "fields": {"session_data": ".eJxVjDsOwjAQBe_iGln-IpuSnjNYu-s1DiBbipMq4u4QKQW0b2beJhKsS03r4DlNWVyEEaffDYGe3HaQH9DuXVJvyzyh3BV50CFvPfPrerh_BxVG_dZYDAeni0dnjLPBRS5YdAwUkTJF6zUAeLBZMfqgNdlSsomK4xmCUeL9Afj-OGA:1pDS09:SUuirr3D74tsbvUwMiMdIJSpAXM7kugEMr25XE4XvVc", "expire_date": "2023-01-19T16:17:53.985"}}, {"model": "sessions.session", "pk": "sra6q5pw6dim4h4b3dqx7ktuqgw4ozdm", "fields": {"session_data": ".eJxVjDsOwjAQBe_iGln-IpuSnjNYu-s1DiBbipMq4u4QKQW0b2beJhKsS03r4DlNWVyEEaffDYGe3HaQH9DuXVJvyzyh3BV50CFvPfPrerh_BxVG_dZYDAeni0dnjLPBRS5YdAwUkTJF6zUAeLBZMfqgNdlSsomK4xmCUeL9Afj-OGA:1pDSBP:6TUWEnHtmSXBnkkQpRgZxq6hkHUhaJ_aUeJFaQn_Ffw", "expire_date": "2023-01-19T16:29:31.777"}}, {"model": "sessions.session", "pk": "stu9e1a8ua6rencgls5ja2mbmvur3z90", "fields": {"session_data": ".eJxVjDsOwjAQBe_iGln-IpuSnjNYu-s1DiBbipMq4u4QKQW0b2beJhKsS03r4DlNWVyEEaffDYGe3HaQH9DuXVJvyzyh3BV50CFvPfPrerh_BxVG_dZYDAeni0dnjLPBRS5YdAwUkTJF6zUAeLBZMfqgNdlSsomK4xmCUeL9Afj-OGA:1pDSMp:WNKOx27U5yUV0IodY6TCyhWGE0eh8XN2D3MkID9I3jw", "expire_date": "2023-01-19T16:41:19.277"}}, {"model": "sessions.session", "pk": "su7augq32fl704k13jv17amlt4u7kwcc", "fields": {"session_data": ".eJxVjDsOwjAQBe_iGln-IpuSnjNYu941DiBbipMq4u4QKQW0b2beJhKsS03r4DlNJC7CitPvhpCf3HZAD2j3LnNvyzyh3BV50CFvnfh1Pdy_gwqjfmsshoPTxaMzxtngIhcsOoYcMVOO1msA8GBJMfqgdbalkImK4xmCUeL9AfmXOGE:1pDRzz:2-uDWH9D1JaPSXmkgHNN96I9itwc3DwH_qZx5kMW1tA", "expire_date": "2023-01-19T16:17:43.977"}}, {"model": "sessions.session", "pk": "sucn7aufub9jgxl2svdjp8d9wxj1k7bz", "fields": {"session_data": ".eJxVjDsOwjAQBe_iGln-IpuSnjNYu-s1DiBbipMq4u4QKQW0b2beJhKsS03r4DlNWVyEEaffDYGe3HaQH9DuXVJvyzyh3BV50CFvPfPrerh_BxVG_dZYDAeni0dnjLPBRS5YdAwUkTJF6zUAeLBZMfqgNdlSsomK4xmCUeL9Afj-OGA:1pDSmw:1b-z1DSETkTFiTqAmyQrYWm10lusx9Spjxqiwvox2Gs", "expire_date": "2023-01-19T17:08:18.095"}}, {"model": "sessions.session", "pk": "svnp5ippwhyjpl01ps1hh8mfiuhzq795", "fields": {"session_data": ".eJxVjDsOwjAQBe_iGln-IpuSnjNYu-s1DiBbipMq4u4QKQW0b2beJhKsS03r4DlNWVyEEaffDYGe3HaQH9DuXVJvyzyh3BV50CFvPfPrerh_BxVG_dZYDAeni0dnjLPBRS5YdAwUkTJF6zUAeLBZMfqgNdlSsomK4xmCUeL9Afj-OGA:1pDSlc:7ImAwRBhtnn98Ej75DDMoYwol8LldQ06ioncITF0hkQ", "expire_date": "2023-01-19T17:06:56.248"}}, {"model": "sessions.session", "pk": "t0qkc5p6zjqau2ayn7ybygyau6yg8kvz", "fields": {"session_data": ".eJxVjDsOwjAQBe_iGln-IpuSnjNYu-s1DiBbipMq4u4QKQW0b2beJhKsS03r4DlNWVyEEaffDYGe3HaQH9DuXVJvyzyh3BV50CFvPfPrerh_BxVG_dZYDAeni0dnjLPBRS5YdAwUkTJF6zUAeLBZMfqgNdlSsomK4xmCUeL9Afj-OGA:1pDROg:TEPWO6a3Oz6H84VKnSmVJ7w6F4sWr8Dp-aEHjINdNVo", "expire_date": "2023-01-19T15:39:10.542"}}, {"model": "sessions.session", "pk": "t0qxtcssbmxywow16qbx9cuneb7ncxli", "fields": {"session_data": ".eJxVjDsOwjAQBe_iGln-IpuSnjNYu941DiBbipMq4u4QKQW0b2beJhKsS03r4DlNJC7CitPvhpCf3HZAD2j3LnNvyzyh3BV50CFvnfh1Pdy_gwqjfmsshoPTxaMzxtngIhcsOoYcMVOO1msA8GBJMfqgdbalkImK4xmCUeL9AfmXOGE:1pDRyP:unTsA-b7Hth0A2L-bv4R8j9Cqj3twL487viFRmJw40I", "expire_date": "2023-01-19T16:16:05.747"}}, {"model": "sessions.session", "pk": "t8ovqpm5hk62dg2a910if7e6q20jusdr", "fields": {"session_data": ".eJxVjDsOwjAQBe_iGln-IpuSnjNYu-s1DiBbipMq4u4QKQW0b2beJhKsS03r4DlNWVyEEaffDYGe3HaQH9DuXVJvyzyh3BV50CFvPfPrerh_BxVG_dZYDAeni0dnjLPBRS5YdAwUkTJF6zUAeLBZMfqgNdlSsomK4xmCUeL9Afj-OGA:1pDRX2:9AYg2gKYAnZFtww5RtAI_tT-gHb2FXiEhf3kFE28z1s", "expire_date": "2023-01-19T15:47:48.681"}}, {"model": "sessions.session", "pk": "tclqgjmfpdoupu0bbzcmpc1vyq0nu6r7", "fields": {"session_data": ".eJxVjDsOwjAQBe_iGln-IpuSnjNYu-s1DiBbipMq4u4QKQW0b2beJhKsS03r4DlNWVyEEaffDYGe3HaQH9DuXVJvyzyh3BV50CFvPfPrerh_BxVG_dZYDAeni0dnjLPBRS5YdAwUkTJF6zUAeLBZMfqgNdlSsomK4xmCUeL9Afj-OGA:1pDSEU:QHSRcveN4BRg-eHdL5bfZ0rSKZwzjuarWWOwSprXZhg", "expire_date": "2023-01-19T16:32:42.412"}}, {"model": "sessions.session", "pk": "texim35ci4mrw3sfm6grk0afhl6tef0l", "fields": {"session_data": ".eJxVjDsOwjAQBe_iGln-IpuSnjNYu-s1DiBbipMq4u4QKQW0b2beJhKsS03r4DlNWVyEEaffDYGe3HaQH9DuXVJvyzyh3BV50CFvPfPrerh_BxVG_dZYDAeni0dnjLPBRS5YdAwUkTJF6zUAeLBZMfqgNdlSsomK4xmCUeL9Afj-OGA:1pDSmg:UqoDp5eBk4fizLZvXpnR7TZECQuL46I8ELrPSRrb-YI", "expire_date": "2023-01-19T17:08:02.059"}}, {"model": "sessions.session", "pk": "tgln1zq95htk145r8i7pynwuwjip2o7n", "fields": {"session_data": ".eJxVjDsOwjAQBe_iGln-IpuSnjNYu-s1DiBbipMq4u4QKQW0b2beJhKsS03r4DlNWVyEEaffDYGe3HaQH9DuXVJvyzyh3BV50CFvPfPrerh_BxVG_dZYDAeni0dnjLPBRS5YdAwUkTJF6zUAeLBZMfqgNdlSsomK4xmCUeL9Afj-OGA:1pDStN:MdTga913yrIgg1ihjReUNPlxqdrumEnZVElZvIYdAv8", "expire_date": "2023-01-19T17:14:57.944"}}, {"model": "sessions.session", "pk": "thqxabhog0c323t6xg5fwzawz6n9fvn5", "fields": {"session_data": ".eJxVjDsOwjAQBe_iGln-IpuSnjNYu-s1DiBbipMq4u4QKQW0b2beJhKsS03r4DlNWVyEEaffDYGe3HaQH9DuXVJvyzyh3BV50CFvPfPrerh_BxVG_dZYDAeni0dnjLPBRS5YdAwUkTJF6zUAeLBZMfqgNdlSsomK4xmCUeL9Afj-OGA:1pDSE9:mj12jF6R411-OnFD5aJ7zCFhTygNNFgZGpqegDs4qgE", "expire_date": "2023-01-19T16:32:21.487"}}, {"model": "sessions.session", "pk": "tly5gbjlo6xc0sgy9qf5358cab1kp4lo", "fields": {"session_data": ".eJxVjDsOwjAQBe_iGln-IpuSnjNYu-s1DiBbipMq4u4QKQW0b2beJhKsS03r4DlNWVyEEaffDYGe3HaQH9DuXVJvyzyh3BV50CFvPfPrerh_BxVG_dZYDAeni0dnjLPBRS5YdAwUkTJF6zUAeLBZMfqgNdlSsomK4xmCUeL9Afj-OGA:1pDSn0:zCdnXsHwn4UV3wQ81mkIpAVMcRvAYsH7Z4v_6i-GAbo", "expire_date": "2023-01-19T17:08:22.725"}}, {"model": "sessions.session", "pk": "tru2m7jl6lhlbvcip5x7wyop75cu15sm", "fields": {"session_data": ".eJxVjDsOwjAQBe_iGln-IpuSnjNYu941DiBbipMq4u4QKQW0b2beJhKsS03r4DlNJC7CitPvhpCf3HZAD2j3LnNvyzyh3BV50CFvnfh1Pdy_gwqjfmsshoPTxaMzxtngIhcsOoYcMVOO1msA8GBJMfqgdbalkImK4xmCUeL9AfmXOGE:1pDRTf:z486MJRBh1xzmAQVazFyVb_8SDKk4qZwKxrb37z4_rQ", "expire_date": "2023-01-19T15:44:19.285"}}, {"model": "sessions.session", "pk": "tt715vo5w15dy9l5nf7sze6wmhy1m7s1", "fields": {"session_data": ".eJxVjDsOwjAQBe_iGln-IpuSnjNYu-s1DiBbipMq4u4QKQW0b2beJhKsS03r4DlNWVyEEaffDYGe3HaQH9DuXVJvyzyh3BV50CFvPfPrerh_BxVG_dZYDAeni0dnjLPBRS5YdAwUkTJF6zUAeLBZMfqgNdlSsomK4xmCUeL9Afj-OGA:1pDSNj:JHmCiZSbarnPiWkBFMHbHruwiZB1CTeYF1s-PMlS_Xo", "expire_date": "2023-01-19T16:42:15.127"}}, {"model": "sessions.session", "pk": "u01lcfseofuet27mtkb5705yn2w77agm", "fields": {"session_data": ".eJxVjDsOwjAQBe_iGln-IpuSnjNYu-s1DiBbipMq4u4QKQW0b2beJhKsS03r4DlNWVyEEaffDYGe3HaQH9DuXVJvyzyh3BV50CFvPfPrerh_BxVG_dZYDAeni0dnjLPBRS5YdAwUkTJF6zUAeLBZMfqgNdlSsomK4xmCUeL9Afj-OGA:1pDSwn:nRmNah1pbhrDl8dtoUodLI-PbkP13S1HyVOIuOausuo", "expire_date": "2023-01-19T17:18:29.147"}}, {"model": "sessions.session", "pk": "uix01n8qmly5t97d57bvitkrjbils289", "fields": {"session_data": ".eJxVjDsOwjAQBe_iGln-IpuSnjNYu-s1DiBbipMq4u4QKQW0b2beJhKsS03r4DlNWVyEEaffDYGe3HaQH9DuXVJvyzyh3BV50CFvPfPrerh_BxVG_dZYDAeni0dnjLPBRS5YdAwUkTJF6zUAeLBZMfqgNdlSsomK4xmCUeL9Afj-OGA:1pDSAW:cCQS-UTqC7qNezmGvkOOCYgPAcEoSClitK-JSr1_05Q", "expire_date": "2023-01-19T16:28:36.827"}}, {"model": "sessions.session", "pk": "uj0y4wk157dby7ftvwkvuvska86nptye", "fields": {"session_data": ".eJxVjDsOwjAQBe_iGln-IpuSnjNYu941DiBbipMq4u4QKQW0b2beJhKsS03r4DlNJC7CitPvhpCf3HZAD2j3LnNvyzyh3BV50CFvnfh1Pdy_gwqjfmsshoPTxaMzxtngIhcsOoYcMVOO1msA8GBJMfqgdbalkImK4xmCUeL9AfmXOGE:1pDR5o:A2Eng_40qgXKFRUOJTPKYETHqEpJaYm1ABJmjQoakZA", "expire_date": "2023-01-19T15:19:40.944"}}, {"model": "sessions.session", "pk": "ukhsxb7okzbk3b0s5ijep8b3nomb2hcw", "fields": {"session_data": ".eJxVjDsOwjAQBe_iGln-IpuSnjNYu-s1DiBbipMq4u4QKQW0b2beJhKsS03r4DlNWVyEEaffDYGe3HaQH9DuXVJvyzyh3BV50CFvPfPrerh_BxVG_dZYDAeni0dnjLPBRS5YdAwUkTJF6zUAeLBZMfqgNdlSsomK4xmCUeL9Afj-OGA:1pDSlE:NUUUFPFrq_VBJY-zXeGfy-Q1AbjpWAGqB17KyWzxyG0", "expire_date": "2023-01-19T17:06:32.076"}}, {"model": "sessions.session", "pk": "undy5z4zpwc2wm24t1e1h371s5vl1gxq", "fields": {"session_data": ".eJxVjDsOwjAQBe_iGln-IpuSnjNYu-s1DiBbipMq4u4QKQW0b2beJhKsS03r4DlNWVyEEaffDYGe3HaQH9DuXVJvyzyh3BV50CFvPfPrerh_BxVG_dZYDAeni0dnjLPBRS5YdAwUkTJF6zUAeLBZMfqgNdlSsomK4xmCUeL9Afj-OGA:1pDRSz:7VzDh4qFvrsbZYcf5Sm58s2T-PO8ZWzhpd17gmt0wIM", "expire_date": "2023-01-19T15:43:37.222"}}, {"model": "sessions.session", "pk": "uq4zp4d30muvdafhd9qcacwq48jcffvr", "fields": {"session_data": ".eJxVjDsOwjAQBe_iGln-IpuSnjNYu941DiBbipMq4u4QKQW0b2beJhKsS03r4DlNJC7CitPvhpCf3HZAD2j3LnNvyzyh3BV50CFvnfh1Pdy_gwqjfmsshoPTxaMzxtngIhcsOoYcMVOO1msA8GBJMfqgdbalkImK4xmCUeL9AfmXOGE:1pDSAh:1fiWCs-zfEsQb8_EasRWG6pUNYQ5zg35UV8wTiCOXg0", "expire_date": "2023-01-19T16:28:47.654"}}, {"model": "sessions.session", "pk": "v5xjaa3urwvnrah2003p5fctgyoaa1qq", "fields": {"session_data": ".eJxVjDsOwjAQBe_iGln-IpuSnjNYu-s1DiBbipMq4u4QKQW0b2beJhKsS03r4DlNWVyEEaffDYGe3HaQH9DuXVJvyzyh3BV50CFvPfPrerh_BxVG_dZYDAeni0dnjLPBRS5YdAwUkTJF6zUAeLBZMfqgNdlSsomK4xmCUeL9Afj-OGA:1pDSw9:eltMtadYPkHGKCyOCv4VFmLViXaIyGEXpZSKVd15Oa8", "expire_date": "2023-01-19T17:17:49.364"}}, {"model": "sessions.session", "pk": "vdv5g2q5fjpxsj5qjp1mjusbctegn766", "fields": {"session_data": ".eJxVjDsOwjAQBe_iGln-IpuSnjNYu-s1DiBbipMq4u4QKQW0b2beJhKsS03r4DlNWVyEEaffDYGe3HaQH9DuXVJvyzyh3BV50CFvPfPrerh_BxVG_dZYDAeni0dnjLPBRS5YdAwUkTJF6zUAeLBZMfqgNdlSsomK4xmCUeL9Afj-OGA:1pDSsS:-F10newUkV3kM4Za2anud5ZnB8YBTDhPYeKm5j0r3-8", "expire_date": "2023-01-19T17:14:00.374"}}, {"model": "sessions.session", "pk": "vf7bobspnsxrnt0r17fnzhwf11uj91ve", "fields": {"session_data": ".eJxVjDsOwjAQBe_iGln-IpuSnjNYu-s1DiBbipMq4u4QKQW0b2beJhKsS03r4DlNWVyEEaffDYGe3HaQH9DuXVJvyzyh3BV50CFvPfPrerh_BxVG_dZYDAeni0dnjLPBRS5YdAwUkTJF6zUAeLBZMfqgNdlSsomK4xmCUeL9Afj-OGA:1pDSAJ:yzhItajtSafm178icoZ6ChicK1fcIe8ZbPrGSAcy-EY", "expire_date": "2023-01-19T16:28:23.138"}}, {"model": "sessions.session", "pk": "vtcmrqa2e4yzk49idrosxufaoo4a75f2", "fields": {"session_data": ".eJxVjDsOwjAQBe_iGln-IpuSnjNYu-s1DiBbipMq4u4QKQW0b2beJhKsS03r4DlNWVyEEaffDYGe3HaQH9DuXVJvyzyh3BV50CFvPfPrerh_BxVG_dZYDAeni0dnjLPBRS5YdAwUkTJF6zUAeLBZMfqgNdlSsomK4xmCUeL9Afj-OGA:1pDSsx:oCBtwDy7hSSLLRjAbi5PW9662Rzc3N6mW2kFBgN8Pz4", "expire_date": "2023-01-19T17:14:31.957"}}, {"model": "sessions.session", "pk": "vufqvsa30piqroogwhs8fl2nwa49avmu", "fields": {"session_data": ".eJxVjDsOwjAQBe_iGln-IpuSnjNYu-s1DiBbipMq4u4QKQW0b2beJhKsS03r4DlNWVyEEaffDYGe3HaQH9DuXVJvyzyh3BV50CFvPfPrerh_BxVG_dZYDAeni0dnjLPBRS5YdAwUkTJF6zUAeLBZMfqgNdlSsomK4xmCUeL9Afj-OGA:1pDSwr:zRwz0dSKXnOfm9lo3TQmA4A-2gC5d-uyCjVvldRIcVQ", "expire_date": "2023-01-19T17:18:33.645"}}, {"model": "sessions.session", "pk": "w73okrbkbvfr7vfre134hqzcnh6z3aru", "fields": {"session_data": ".eJxVjDsOwjAQBe_iGln-IpuSnjNYu-s1DiBbipMq4u4QKQW0b2beJhKsS03r4DlNWVyEEaffDYGe3HaQH9DuXVJvyzyh3BV50CFvPfPrerh_BxVG_dZYDAeni0dnjLPBRS5YdAwUkTJF6zUAeLBZMfqgNdlSsomK4xmCUeL9Afj-OGA:1pDStC:iwky7MVlvbXHcQZmDqNEvYIpRWMj2nRr3V48OJZiaXU", "expire_date": "2023-01-19T17:14:46.899"}}, {"model": "sessions.session", "pk": "wav269ek9qdftqh09qjelex978bigorb", "fields": {"session_data": ".eJxVjDsOwjAQBe_iGln-IpuSnjNYu-s1DiBbipMq4u4QKQW0b2beJhKsS03r4DlNWVyEEaffDYGe3HaQH9DuXVJvyzyh3BV50CFvPfPrerh_BxVG_dZYDAeni0dnjLPBRS5YdAwUkTJF6zUAeLBZMfqgNdlSsomK4xmCUeL9Afj-OGA:1pDSPU:ICrHwVsTFv62is53hPb5onRTzwk9dX4jm-jFKf9Zc64", "expire_date": "2023-01-19T16:44:04.696"}}, {"model": "sessions.session", "pk": "ws88ehevkecw5spilr46sucg2yek65bu", "fields": {"session_data": ".eJxVjDsOwjAQBe_iGln-IpuSnjNYu-s1DiBbipMq4u4QKQW0b2beJhKsS03r4DlNWVyEEaffDYGe3HaQH9DuXVJvyzyh3BV50CFvPfPrerh_BxVG_dZYDAeni0dnjLPBRS5YdAwUkTJF6zUAeLBZMfqgNdlSsomK4xmCUeL9Afj-OGA:1pDSJj:_NsMQgnyZSvdJxD8cRXr6MhaXU-yZ4x2eTP6lcz1vZE", "expire_date": "2023-01-19T16:38:07.041"}}, {"model": "sessions.session", "pk": "wxlkmuq9c13c2pttkfj6q662erv6vsnk", "fields": {"session_data": ".eJxVjDsOwjAQBe_iGln-IpuSnjNYu-s1DiBbipMq4u4QKQW0b2beJhKsS03r4DlNWVyEEaffDYGe3HaQH9DuXVJvyzyh3BV50CFvPfPrerh_BxVG_dZYDAeni0dnjLPBRS5YdAwUkTJF6zUAeLBZMfqgNdlSsomK4xmCUeL9Afj-OGA:1pDSmr:b6C73tAkNtMWOs41_C3nmBrZ4QKE7LQ8Jr_UF_FPtmw", "expire_date": "2023-01-19T17:08:13.393"}}, {"model": "sessions.session", "pk": "wy4wqnqqrlh06feemjc70waexuofi8hi", "fields": {"session_data": ".eJxVjDsOwjAQBe_iGln-IpuSnjNYu-s1DiBbipMq4u4QKQW0b2beJhKsS03r4DlNWVyEEaffDYGe3HaQH9DuXVJvyzyh3BV50CFvPfPrerh_BxVG_dZYDAeni0dnjLPBRS5YdAwUkTJF6zUAeLBZMfqgNdlSsomK4xmCUeL9Afj-OGA:1pDSww:rvXQObkV_ZqrimHfQoFSb02IQ_JQtOdVitcotjtJ_mw", "expire_date": "2023-01-19T17:18:38.432"}}, {"model": "sessions.session", "pk": "x35vj0t90o32dq081hlp9odfm1kwcr3k", "fields": {"session_data": ".eJxVjDsOwjAQBe_iGln-IpuSnjNYu941DiBbipMq4u4QKQW0b2beJhKsS03r4DlNJC7CitPvhpCf3HZAD2j3LnNvyzyh3BV50CFvnfh1Pdy_gwqjfmsshoPTxaMzxtngIhcsOoYcMVOO1msA8GBJMfqgdbalkImK4xmCUeL9AfmXOGE:1pDR3X:duLhFcNLYDs3xWbhMskgbeDNgptjNJsN9V91i2pME98", "expire_date": "2023-01-19T15:17:19.565"}}, {"model": "sessions.session", "pk": "xsm4pgoopu87pw7wb4ilpg2q2ba7apqg", "fields": {"session_data": ".eJxVjDsOwjAQBe_iGln-IpuSnjNYu-s1DiBbipMq4u4QKQW0b2beJhKsS03r4DlNWVyEEaffDYGe3HaQH9DuXVJvyzyh3BV50CFvPfPrerh_BxVG_dZYDAeni0dnjLPBRS5YdAwUkTJF6zUAeLBZMfqgNdlSsomK4xmCUeL9Afj-OGA:1pDSMw:x2khpGJC9jRPiqsSffjfjnTtfsWWXoUw1DUu5oSpj5M", "expire_date": "2023-01-19T16:41:26.627"}}, {"model": "sessions.session", "pk": "xtwz35ipx2uuvb6c95e7zy4dir59y7fb", "fields": {"session_data": ".eJxVjDsOwjAQBe_iGln-IpuSnjNYu-s1DiBbipMq4u4QKQW0b2beJhKsS03r4DlNWVyEEaffDYGe3HaQH9DuXVJvyzyh3BV50CFvPfPrerh_BxVG_dZYDAeni0dnjLPBRS5YdAwUkTJF6zUAeLBZMfqgNdlSsomK4xmCUeL9Afj-OGA:1pDSGx:iQ4MMfcY2_0bBoKlA6KP-d9T23D9ELIBrfCYFXJ2qHM", "expire_date": "2023-01-19T16:35:15.107"}}, {"model": "sessions.session", "pk": "xuqfsc8wpli5ofa2mcewmziypwe1eb08", "fields": {"session_data": ".eJxVjDsOwjAQBe_iGln-IpuSnjNYu-s1DiBbipMq4u4QKQW0b2beJhKsS03r4DlNWVyEEaffDYGe3HaQH9DuXVJvyzyh3BV50CFvPfPrerh_BxVG_dZYDAeni0dnjLPBRS5YdAwUkTJF6zUAeLBZMfqgNdlSsomK4xmCUeL9Afj-OGA:1pDSPb:oxWwE6ZIvgPRe54yclpQ5_tz5F9wQOD7vgnrtgh002Y", "expire_date": "2023-01-19T16:44:11.508"}}, {"model": "sessions.session", "pk": "xv3q5qq4ehh50j21yc4i5kjm430j2zh4", "fields": {"session_data": ".eJxVjDsOwjAQBe_iGln-IpuSnjNYu-s1DiBbipMq4u4QKQW0b2beJhKsS03r4DlNWVyEEaffDYGe3HaQH9DuXVJvyzyh3BV50CFvPfPrerh_BxVG_dZYDAeni0dnjLPBRS5YdAwUkTJF6zUAeLBZMfqgNdlSsomK4xmCUeL9Afj-OGA:1pDSMF:33tX3Iwp27nY_4AZg0DTkVitiOe6tJF0UE-va18XUoo", "expire_date": "2023-01-19T16:40:43.291"}}, {"model": "sessions.session", "pk": "y1hv5he6w0ho9dtc80bed8tg9piy69m4", "fields": {"session_data": ".eJxVjDsOwjAQBe_iGln-IpuSnjNYu-s1DiBbipMq4u4QKQW0b2beJhKsS03r4DlNWVyEEaffDYGe3HaQH9DuXVJvyzyh3BV50CFvPfPrerh_BxVG_dZYDAeni0dnjLPBRS5YdAwUkTJF6zUAeLBZMfqgNdlSsomK4xmCUeL9Afj-OGA:1pDSm3:D8sYvTnNjutA1dzMbnrh1wAgs3Cws_jkfGgqf0gFhCY", "expire_date": "2023-01-19T17:07:23.494"}}, {"model": "sessions.session", "pk": "y27htclckkclrjuohqls4i8nozibfifc", "fields": {"session_data": ".eJxVjDsOwjAQBe_iGln-IpuSnjNYu-s1DiBbipMq4u4QKQW0b2beJhKsS03r4DlNWVyEEaffDYGe3HaQH9DuXVJvyzyh3BV50CFvPfPrerh_BxVG_dZYDAeni0dnjLPBRS5YdAwUkTJF6zUAeLBZMfqgNdlSsomK4xmCUeL9Afj-OGA:1pDSIO:STfGlUhYQ1kQFahXqtpA_WSiqFfzp5W4hsEIXRetq_4", "expire_date": "2023-01-19T16:36:44.360"}}, {"model": "sessions.session", "pk": "ynwl1s21hbngrru51sx1jyqd5iufio9j", "fields": {"session_data": ".eJxVjDsOwjAQBe_iGln-IpuSnjNYu-s1DiBbipMq4u4QKQW0b2beJhKsS03r4DlNWVyEEaffDYGe3HaQH9DuXVJvyzyh3BV50CFvPfPrerh_BxVG_dZYDAeni0dnjLPBRS5YdAwUkTJF6zUAeLBZMfqgNdlSsomK4xmCUeL9Afj-OGA:1pDRWe:XdxISZYM-9uuWuUKDWcZ5uKEtOpu0c8WuYq8lnJSf4Y", "expire_date": "2023-01-19T15:47:24.765"}}, {"model": "sessions.session", "pk": "ysmdtd07mls1u7zcce7ew5a0l708m4lt", "fields": {"session_data": ".eJxVjDsOwjAQBe_iGln-IpuSnjNYu-s1DiBbipMq4u4QKQW0b2beJhKsS03r4DlNWVyEEaffDYGe3HaQH9DuXVJvyzyh3BV50CFvPfPrerh_BxVG_dZYDAeni0dnjLPBRS5YdAwUkTJF6zUAeLBZMfqgNdlSsomK4xmCUeL9Afj-OGA:1pDRWM:OiX8FWYtnx4w4hT2UwPe4ATRvzJNqlM5X92hCFjraYs", "expire_date": "2023-01-19T15:47:06.933"}}, {"model": "sessions.session", "pk": "zg8a10jd7r2m16jpozh40shw7ibsta7l", "fields": {"session_data": ".eJxVjDsOwjAQBe_iGln-IpuSnjNYu-s1DiBbipMq4u4QKQW0b2beJhKsS03r4DlNWVyEEaffDYGe3HaQH9DuXVJvyzyh3BV50CFvPfPrerh_BxVG_dZYDAeni0dnjLPBRS5YdAwUkTJF6zUAeLBZMfqgNdlSsomK4xmCUeL9Afj-OGA:1pDSNP:Vodui5op6gM7E_ZTV3bqy9tUtTTzAKomFN5ezRwxGM4", "expire_date": "2023-01-19T16:41:55.063"}}, {"model": "sessions.session", "pk": "zmv0jnnf45oe6p3lwbddx9qqggxywows", "fields": {"session_data": ".eJxVjDsOwjAQBe_iGln-IpuSnjNYu941DiBbipMq4u4QKQW0b2beJhKsS03r4DlNJC7CitPvhpCf3HZAD2j3LnNvyzyh3BV50CFvnfh1Pdy_gwqjfmsshoPTxaMzxtngIhcsOoYcMVOO1msA8GBJMfqgdbalkImK4xmCUeL9AfmXOGE:1pDTVT:n9lXV-UTatEkzNeR3ssQrvpgVNtcwl-xHjj__4oCMts", "expire_date": "2023-01-19T17:54:19.356"}}, {"model": "sessions.session", "pk": "zp2wqee36l9olhoim80k3raia3nzfzi9", "fields": {"session_data": ".eJxVjDsOwjAQBe_iGln-IpuSnjNYu-s1DiBbipMq4u4QKQW0b2beJhKsS03r4DlNWVyEEaffDYGe3HaQH9DuXVJvyzyh3BV50CFvPfPrerh_BxVG_dZYDAeni0dnjLPBRS5YdAwUkTJF6zUAeLBZMfqgNdlSsomK4xmCUeL9Afj-OGA:1pDRZQ:wig_xcq1ewnoTTkn327MzEE2OWbHSCbedKsnOQkuAvM", "expire_date": "2023-01-19T15:50:16.053"}}, {"model": "sessions.session", "pk": "zs1ro7oz30ltp1s68r59ctmxq93bnols", "fields": {"session_data": ".eJxVjDsOwjAQBe_iGln-IpuSnjNYu941DiBbipMq4u4QKQW0b2beJhKsS03r4DlNJC7CitPvhpCf3HZAD2j3LnNvyzyh3BV50CFvnfh1Pdy_gwqjfmsshoPTxaMzxtngIhcsOoYcMVOO1msA8GBJMfqgdbalkImK4xmCUeL9AfmXOGE:1pDRfP:2c72YkrkZQpuSPwGzb51Hm1D1kwgVXOwl-lAhJZQXZc", "expire_date": "2023-01-19T15:56:27.953"}}, {"model": "sessions.session", "pk": "zx033fq0mafqzq63yb6ubdhp8uevxo4i", "fields": {"session_data": ".eJxVjDsOwjAQBe_iGln-IpuSnjNYu-s1DiBbipMq4u4QKQW0b2beJhKsS03r4DlNWVyEFqffDYGe3HaQH9DuXVJvyzyh3BV50CFvPfPrerh_BxVG_dZYDAeni0dnjLPBRS5YdAwUkTJF6zUAeLBZMfqgNdlSsomK4xmCUeL9AfhlOF8:1pD7mH:jdkrqoagaKTIbhbiIqv4TIPiLR-a3gcUF_6eQa8cPmE", "expire_date": "2023-01-18T17:42:13.329"}}, {"model": "hiketracking.customuser", "pk": 1, "fields": {"password": "pbkdf2_sha256$390000$tp5Q3aUxKCKdBoDQyTl1uE$hc+05eIs5g7Bgzwl+xSm9NTcBiVq7fI6+45tjYpeeqo=", "last_login": "2023-01-06T14:31:17.969", "is_superuser": false, "first_name": "", "last_name": "", "email": "g@mail.com", "role": "localguide", "is_staff": false, "is_confirmed": true, "is_active": true, "date_joined": "2023-01-02T20:59:33.920", "groups": [], "user_permissions": []}}, {"model": "hiketracking.customuser", "pk": 2, "fields": {"password": "pbkdf2_sha256$390000$tp5Q3aUxKCKdBoDQyTl1uE$hc+05eIs5g7Bgzwl+xSm9NTcBiVq7fI6+45tjYpeeqo=", "last_login": "2023-01-06T15:05:43.872", "is_superuser": false, "first_name": "", "last_name": "", "email": "h@mail.com", "role": "hiker", "is_staff": false, "is_confirmed": true, "is_active": true, "date_joined": "2023-01-02T20:59:33.933", "groups": [], "user_permissions": []}}, {"model": "hiketracking.customuser", "pk": 3, "fields": {"password": "pbkdf2_sha256$390000$tp5Q3aUxKCKdBoDQyTl1uE$hc+05eIs5g7Bgzwl+xSm9NTcBiVq7fI6+45tjYpeeqo=", "last_login": "2023-01-06T13:49:24.918", "is_superuser": false, "first_name": "", "last_name": "", "email": "pm@mail.com", "role": "platformmanager", "is_staff": false, "is_confirmed": true, "is_active": true, "date_joined": "2023-01-02T20:59:33.934", "groups": [], "user_permissions": []}}, {"model": "hiketracking.customuser", "pk": 4, "fields": {"password": "pbkdf2_sha256$390000$tp5Q3aUxKCKdBoDQyTl1uE$hc+05eIs5g7Bgzwl+xSm9NTcBiVq7fI6+45tjYpeeqo=", "last_login": null, "is_superuser": false, "first_name": "", "last_name": "", "email": "hw@mail.com", "role": "hutworker", "is_staff": false, "is_confirmed": true, "is_active": true, "date_joined": "2023-01-02T20:59:33.934", "groups": [], "user_permissions": []}}, {"model": "hiketracking.customuser", "pk": 5, "fields": {"password": "pbkdf2_sha256$390000$tp5Q3aUxKCKdBoDQyTl1uE$hc+05eIs5g7Bgzwl+xSm9NTcBiVq7fI6+45tjYpeeqo=", "last_login": null, "is_superuser": false, "first_name": "", "last_name": "", "email": "hw2@mail.com", "role": "hutworker", "is_staff": false, "is_confirmed": true, "is_active": true, "date_joined": "2023-01-02T20:59:33.935", "groups": [], "user_permissions": []}}, {"model": "hiketracking.customuser", "pk": 17, "fields": {"password": "pbkdf2_sha256$390000$ifjGdP7ueT3cwTeELvt4o2$/Nbc27DWB9RHQ26phdc4E2KmZe7lzv4WfpdiAyU4woQ=", "last_login": "2022-11-27T21:12:37.471", "is_superuser": true, "first_name": "", "last_name": "", "email": "md@gmail.com", "role": "admin", "is_staff": true, "is_confirmed": true, "is_active": true, "date_joined": "2022-11-27T21:12:26.669", "groups": [], "user_permissions": []}}, {"model": "hiketracking.point", "pk": 1, "fields": {"latitude": 45.177786, "longitude": 7.083372, "province": "Torino", "village": "Mompantero", "address": "Rifugio La Riposa", "type": ""}}, {"model": "hiketracking.point", "pk": 2, "fields": {"latitude": 45.203531, "longitude": 7.07734, "province": "Torino", "village": "Mompantero", "address": "Rocciamelone", "type": ""}}, {"model": "hiketracking.point", "pk": 3, "fields": {"latitude": 44.88604, "longitude": 6.847677, "province": "Torino", "village": "Cesana torinese", "address": "10054 Cesana torinese TO", "type": ""}}, {"model": "hiketracking.point", "pk": 4, "fields": {"latitude": 44.886133, "longitude": 6.847552, "province": "Torino", "village": "Cesana torinese", "address": "10054 Cesana torinese TO", "type": ""}}, {"model": "hiketracking.point", "pk": 7, "fields": {"latitude": 45.089292, "longitude": 6.675187, "province": "Torino", "village": "Bardonecchia", "address": "Grange della Rho", "type": ""}}, {"model": "hiketracking.point", "pk": 8, "fields": {"latitude": 45.089308, "longitude": 6.675215, "province": "Torino", "village": "Bardonecchia", "address": "Punta Nera", "type": ""}}, {"model": "hiketracking.point", "pk": 9, "fields": {"latitude": 44.938467, "longitude": 6.749585, "province": "Torino", "village": "Claviere", "address": "Claviere (Torino)", "type": ""}}, {"model": "hiketracking.point", "pk": 10, "fields": {"latitude": 44.9, "longitude": 6.76687, "province": "Torino", "village": "Claviere", "address": "Lago dei Sette Colori (Lago Gignoux)", "type": ""}}, {"model": "hiketracking.point", "pk": 11, "fields": {"latitude": 44.9941, "longitude": 7.455977, "province": "Torino", "village": "Piossasco", "address": "Ca Dorina  Piossasco (TO) ", "type": ""}}, {"model": "hiketracking.point", "pk": 12, "fields": {"latitude": 45.021651, "longitude": 7.42173, "province": "Torino", "village": "Trana", "address": "Monte Pietraborga", "type": ""}}, {"model": "hiketracking.point", "pk": 13, "fields": {"latitude": 44.597277296707034, "longitude": 7.202730746939778, "province": "Cuneo", "village": "Becetto", "address": "Borgata Ru  Becetto (CN)", "type": ""}}, {"model": "hiketracking.point", "pk": 14, "fields": {"latitude": 44.597145952284336, "longitude": 7.202682048082352, "province": "Cuneo", "village": "Paesana", "address": "Testa di Garitta Nuova", "type": ""}}, {"model": "hiketracking.point", "pk": 15, "fields": {"latitude": 44.596613, "longitude": 7.201825, "province": "Cuneo", "village": "Becetto", "address": "Borgata Ru  Becetto (CN)", "type": ""}}, {"model": "hiketracking.point", "pk": 16, "fields": {"latitude": 44.615185, "longitude": 7.177367, "province": "Cuneo", "village": "Sampeyre", "address": "Cima di Crosa", "type": ""}}, {"model": "hiketracking.point", "pk": 17, "fields": {"latitude": 44.59706758148968, "longitude": 7.202494293451309, "province": "Cuneo", "village": "Becetto", "address": "Becetto (CN)", "type": ""}}, {"model": "hiketracking.point", "pk": 18, "fields": {"latitude": 44.6216659527272, "longitude": 7.200692351907492, "province": "Cuneo", "village": "Paesana", "address": "Monte Riba del Gias", "type": ""}}, {"model": "hiketracking.point", "pk": 19, "fields": {"latitude": 44.57619898952544, "longitude": 7.180788516998291, "province": "Cuneo", "village": "Sampeyre", "address": "Sampeyre (CN)", "type": ""}}, {"model": "hiketracking.point", "pk": 20, "fields": {"latitude": 44.700645, "longitude": 7.117767, "province": "Cuneo", "village": "Crissolo", "address": "Pian della Regina  Crissolo (CN)", "type": ""}}, {"model": "hiketracking.point", "pk": 21, "fields": {"latitude": 44.700759, "longitude": 7.117535, "province": "Cuneo", "village": "Crissolo", "address": "Laghi del Monviso", "type": ""}}, {"model": "hiketracking.point", "pk": 22, "fields": {"latitude": 45.95614, "longitude": 9.1502, "province": "Como", "village": "Colonno", "address": "Via Luigi Civetta", "type": ""}}, {"model": "hiketracking.point", "pk": 23, "fields": {"latitude": 45.99601, "longitude": 9.23868, "province": "Como", "village": "Griante", "address": "Villa Margherita Ricordi", "type": ""}}, {"model": "hiketracking.point", "pk": 24, "fields": {"latitude": 40.63111, "longitude": 14.53658, "province": "Napoli", "village": "Bomerano", "address": "Bomerano Pianillo (NA)", "type": ""}}, {"model": "hiketracking.point", "pk": 25, "fields": {"latitude": 40.62984, "longitude": 14.50302, "province": "Salerno", "village": "Nocelle", "address": "Nocelle (SA)", "type": ""}}, {"model": "hiketracking.point", "pk": 26, "fields": {"latitude": 44.14562, "longitude": 9.65342, "province": "La Spezia", "village": "Monteresso", "address": "Monteresso (SP)", "type": ""}}, {"model": "hiketracking.point", "pk": 27, "fields": {"latitude": 44.13863, "longitude": 9.67826, "province": "La Spezia", "village": "Vernazza", "address": "Vernazza (SP)", "type": ""}}, {"model": "hiketracking.point", "pk": 101, "fields": {"latitude": 38.1244982, "longitude": 12.7880075, "province": "Trapani", "village": "San Vito Lo Capo", "address": "Riserva dello zingaro ingresso nord", "type": ""}}, {"model": "hiketracking.point", "pk": 102, "fields": {"latitude": 38.0817236, "longitude": 12.8084234, "province": "Trapani", "village": "Castellammare del golfo", "address": "Riserva dello zingaro", "type": ""}}, {"model": "hiketracking.point", "pk": 103, "fields": {"latitude": 46.030789, "longitude": 10.000777, "province": "Bergamo", "village": "Bergamo", "address": "Via Casa Corti 3", "type": ""}}, {"model": "hiketracking.point", "pk": 104, "fields": {"latitude": 37.987578, "longitude": 12.750318, "province": "Trapani", "village": "Buseto palizzolo", "address": "Ingresso Bosco Scorace", "type": ""}}, {"model": "hiketracking.point", "pk": 105, "fields": {"latitude": 37.988726, "longitude": 12.781462, "province": "Trapani", "village": "Buseto palizzolo", "address": "Punta del monte Scorace", "type": ""}}, {"model": "hiketracking.point", "pk": 106, "fields": {"latitude": 45.85661, "longitude": 7.81332, "province": "Aosta", "village": "Gressoney", "address": "Loc. Tschaval", "type": ""}}, {"model": "hiketracking.point", "pk": 107, "fields": {"latitude": 38.07196, "longitude": 12.754372, "province": "Trapani", "village": "Custonaci", "address": "Purgatorio", "type": ""}}, {"model": "hiketracking.point", "pk": 108, "fields": {"latitude": 38.055408, "longitude": 12.775705, "province": "Trapani", "village": "Custonaci", "address": "Punta del monte Sparagio", "type": ""}}, {"model": "hiketracking.point", "pk": 110, "fields": {"latitude": 38.028741, "longitude": 12.601088, "province": "Trapani", "village": "Erice", "address": "Casa Santa Erice", "type": ""}}, {"model": "hiketracking.point", "pk": 111, "fields": {"latitude": 38.035817, "longitude": 12.591268, "province": "Trapani", "village": "Erice", "address": "Torretta Pepoli", "type": ""}}, {"model": "hiketracking.point", "pk": 113, "fields": {"latitude": 38.096874, "longitude": 12.66306, "province": "Trapani", "village": "Custonaci", "address": "Cornino", "type": ""}}, {"model": "hiketracking.point", "pk": 114, "fields": {"latitude": 38.105637, "longitude": 12.669372, "province": "Trapani", "village": "Custonaci", "address": "Punta Cofano", "type": ""}}, {"model": "hiketracking.point", "pk": 116, "fields": {"latitude": 45.740927, "longitude": 10.795999, "province": "Verona", "village": "Cassone", "address": "Via Gardesana", "type": ""}}, {"model": "hiketracking.point", "pk": 117, "fields": {"latitude": 45.779783, "longitude": 10.81679, "province": "Verona", "village": "Malcesine", "address": "Via Gardesana orientale", "type": ""}}, {"model": "hiketracking.point", "pk": 119, "fields": {"latitude": 38.001995, "longitude": 13.089526, "province": "Palermo", "village": "Partinico", "address": "Lago Poma Nord", "type": ""}}, {"model": "hiketracking.point", "pk": 120, "fields": {"latitude": 37.973715, "longitude": 13.120139, "province": "Palermo", "village": "Partinico", "address": "Lago Poma sud-est", "type": ""}}, {"model": "hiketracking.point", "pk": 122, "fields": {"latitude": 37.935226, "longitude": 12.272521, "province": "Trapani", "village": "Favignana", "address": "Faro di punta sottile", "type": ""}}, {"model": "hiketracking.point", "pk": 123, "fields": {"latitude": 37.9071, "longitude": 12.365328, "province": "Trapani", "village": "Favignana", "address": "Faro di punta Marsala", "type": ""}}, {"model": "hiketracking.point", "pk": 125, "fields": {"latitude": 37.655399, "longitude": 14.983877, "province": "Catania", "village": "Belpasso", "address": "Monte di San Leo", "type": ""}}, {"model": "hiketracking.point", "pk": 126, "fields": {"latitude": 37.749308, "longitude": 14.995278, "province": "Catania", "village": "Catania", "address": "Monte Etna", "type": ""}}, {"model": "hiketracking.point", "pk": 128, "fields": {"latitude": 37.69954, "longitude": 13.142291, "province": "Palermo", "village": "Contessa Entellina", "address": "Parco dei Sicani ingresso Ovest", "type": ""}}, {"model": "hiketracking.point", "pk": 129, "fields": {"latitude": 37.689523, "longitude": 13.174764, "province": "Palermo", "village": "Contessa Entellina", "address": "Monte San Genuardo", "type": ""}}, {"model": "hiketracking.point", "pk": 131, "fields": {"latitude": 40.85638, "longitude": 17.122925, "province": "Apulia", "village": "Putignano", "address": "Via Vincenzo Petruzzi 107, 70017 Putignano", "type": "none"}}, {"model": "hiketracking.point", "pk": 132, "fields": {"latitude": 40.786604, "longitude": 17.241783, "province": "Bari", "village": "Alberobello", "address": "Via Margherita 45, 70011 Alberobello", "type": "none"}}, {"model": "hiketracking.point", "pk": 133, "fields": {"latitude": 40.530318, "longitude": 17.430459, "province": "Taranto,", "village": "Grottaglie", "address": "Via Leone XIII 9, 74023 Grottaglie", "type": "none"}}, {"model": "hiketracking.point", "pk": 134, "fields": {"latitude": 40.472191, "longitude": 17.237648, "province": "Trento", "village": "Taranto", "address": "Via Niccol Tommaso D'Aquino 42, 74123 Taranto", "type": "none"}}, {"model": "hiketracking.point", "pk": 135, "fields": {"latitude": 40.472204, "longitude": 17.237745, "province": "Trento", "village": "trento", "address": "Via Niccol Tommaso D'Aquino 44, 74123 Taranto Taranto Italia", "type": "none"}}, {"model": "hiketracking.point", "pk": 136, "fields": {"latitude": 40.581585, "longitude": 17.113218, "province": "Apulia", "village": "Taranto", "address": "Ferrovie Sudest, Strada Statale 7 Via Appia, Massafra, Taranto, Apulia, 74016, Italy", "type": "none"}}, {"model": "hiketracking.point", "pk": 137, "fields": {"latitude": 40.472825, "longitude": 17.237708, "province": "Apulia", "village": "Taranto", "address": "Ferrovie Sudest, Strada Statale 7 Via Appia, Massafra, Taranto, Apulia, 74016, Italy", "type": "none"}}, {"model": "hiketracking.point", "pk": 138, "fields": {"latitude": 40.472957, "longitude": 17.237864, "province": "Apulia", "village": "Taranto", "address": "Chiesa di San Pasquale Bailon, 37, Corso Umberto primo, Taranto, Apulia, 74123, Italy", "type": "none"}}, {"model": "hiketracking.point", "pk": 139, "fields": {"latitude": 40.417626, "longitude": 17.216878, "province": "Apulia", "village": "Taranto", "address": "Via Latterini, San Vito, Taranto, Apulia, 74122, Italy", "type": "none"}}, {"model": "hiketracking.point", "pk": 140, "fields": {"latitude": 40.417493, "longitude": 17.216862, "province": "Apulia", "village": "Taranto", "address": "Via Latterini, San Vito, Taranto, Apulia, 74122, Italy", "type": "none"}}, {"model": "hiketracking.point", "pk": 141, "fields": {"latitude": 40.408507, "longitude": 17.240423, "province": "Apulia", "village": "Taranto", "address": "Via Latterini, San Vito, Taranto, Apulia, 74122, Italy", "type": "none"}}, {"model": "hiketracking.point", "pk": 142, "fields": {"latitude": 40.408589, "longitude": 17.240701, "province": "Apulia", "village": "Taranto", "address": "Bar Melucci, Via Sciabelle, Lama, Taranto, Apulia, 74122, Italy", "type": "none"}}, {"model": "hiketracking.point", "pk": 143, "fields": {"latitude": 40.403123, "longitude": 17.264042, "province": "Apulia", "village": "Taranto", "address": "Capolinea autobus \"Pezzavilla\", Talsano, Taranto, Apulia, 74122, Italy", "type": "none"}}, {"model": "hiketracking.point", "pk": 144, "fields": {"latitude": 40.402498, "longitude": 17.264316, "province": "Apulia", "village": "Taranto", "address": "Via Carlo Magno, Talsano, Taranto, Apulia, 74122, Italy", "type": "none"}}, {"model": "hiketracking.point", "pk": 145, "fields": {"latitude": 40.35113, "longitude": 15.001618, "province": "Campania", "village": "Salerno", "address": "Parcheggio, Agropoli, Salerno, Campania, 84043, Italy", "type": "none"}}, {"model": "hiketracking.point", "pk": 146, "fields": {"latitude": 40.284635, "longitude": 14.946704, "province": "Campania", "village": "Salerno", "address": "PerBacco, via Flavio Gioia, Santa Maria di Castellabate, Castellabate, Salerno, Campania, 84048, Ita", "type": "none"}}, {"model": "hiketracking.point", "pk": 147, "fields": {"latitude": 40.284887, "longitude": 14.94611, "province": "Campania", "village": "Salerno", "address": "Santa Maria di Castellabate, Castellabate, Salerno, Campania, 84048, Italy", "type": "none"}}, {"model": "hiketracking.point", "pk": 148, "fields": {"latitude": 40.284837, "longitude": 14.945685, "province": "Campania", "village": "Salerno", "address": "Santa Maria di Castellabate, Castellabate, Salerno, Campania, 84048, Italy", "type": "none"}}, {"model": "hiketracking.point", "pk": 149, "fields": {"latitude": 40.284888, "longitude": 14.94611, "province": "Campania", "village": "Salerno", "address": "Santa Maria di Castellabate, Castellabate, Salerno, Campania, 84048, Italy", "type": "none"}}, {"model": "hiketracking.point", "pk": 150, "fields": {"latitude": 40.284838, "longitude": 14.945685, "province": "Campania", "village": "Salerno", "address": "Santa Maria di Castellabate, Castellabate, Salerno, Campania, 84048, Italy", "type": "none"}}, {"model": "hiketracking.point", "pk": 151, "fields": {"latitude": 44.240084, "longitude": 9.485246, "province": "Metropolitan City of Genoa", "village": "Mongelia", "address": "Localit la Secca, 1, 16030 Moneglia GE", "type": "none"}}, {"model": "hiketracking.point", "pk": 152, "fields": {"latitude": 44.167137, "longitude": 9.613327, "province": "La Spezia", "village": "Levanto", "address": "Via Guido Semenza, 5, 19015 Levanto SP", "type": "none"}}, {"model": "hiketracking.point", "pk": 153, "fields": {"latitude": 44.851584, "longitude": 9.866935, "province": "Piacenza", "village": "Castell'Arquato ", "address": "Via Sforza Caolzio, 9, 29014 Castell'Arquato PC", "type": "none"}}, {"model": "hiketracking.point", "pk": 154, "fields": {"latitude": 44.867353, "longitude": 10.057698, "province": "Parma", "village": "Fidenza", "address": "Via Camillo Benso di Cavour", "type": "none"}}, {"model": "hiketracking.point", "pk": 155, "fields": {"latitude": 44.841117, "longitude": 9.995562, "province": "Parma", "village": "Salsomaggiore Terme", "address": "Loc. San Nicomede, 29, 43039 Salsomaggiore Terme PR", "type": "none"}}, {"model": "hiketracking.point", "pk": 156, "fields": {"latitude": 44.840891, "longitude": 9.999061, "province": "Parma", "village": "Salsomaggiore Terme", "address": "Salsomaggiore Terme (PR)", "type": "none"}}, {"model": "hiketracking.point", "pk": 157, "fields": {"latitude": 44.69066, "longitude": 10.098623, "province": "Parma", "village": "Fornovo di Taro", "address": "Via Cesare Battisti, 7, 43045 Fornovo di Taro PR", "type": "none"}}, {"model": "hiketracking.point", "pk": 158, "fields": {"latitude": 44.584838, "longitude": 10.033527, "province": "Parma", "village": "Cassio", "address": "Cassio (PR)", "type": "none"}}, {"model": "hiketracking.point", "pk": 159, "fields": {"latitude": 44.906763, "longitude": 9.770198, "province": "Piacenza", "village": "Carpaneto", "address": "Carpaneto (PC)", "type": "none"}}, {"model": "hiketracking.point", "pk": 160, "fields": {"latitude": 44.851585, "longitude": 9.866935, "province": "Piacenza", "village": "Castell'Arquato ", "address": "Via Sforza Caolzio, 9, 29014 Castell'Arquato PC", "type": "none"}}, {"model": "hiketracking.point", "pk": 161, "fields": {"latitude": 44.584839, "longitude": 10.033528, "province": "Parma", "village": "Cassio", "address": "Cassio (PR)", "type": "none"}}, {"model": "hiketracking.point", "pk": 162, "fields": {"latitude": 44.510059, "longitude": 9.989216, "province": "Parma", "village": "Berceto ", "address": "Berceto (PR)", "type": "none"}}, {"model": "hiketracking.point", "pk": 163, "fields": {"latitude": 44.422712, "longitude": 9.936237, "province": "Massa and Carrara", "village": "Previde", "address": "Previde(MS)", "type": "none"}}, {"model": "hiketracking.point", "pk": 164, "fields": {"latitude": 44.331833, "longitude": 9.936237, "province": "Massa and Carrara", "village": "Filattiera", "address": "Filattiera (MS)", "type": "none"}}, {"model": "hiketracking.point", "pk": 165, "fields": {"latitude": 40.66605, "longitude": 16.61339, "province": "", "village": "", "address": "Via Roma 12", "type": "none"}}, {"model": "hiketracking.point", "pk": 166, "fields": {"latitude": 40.67208, "longitude": 16.62886, "province": "Matera", "village": "Trasano", "address": "Viale Trasano", "type": "none"}}, {"model": "hiketracking.point", "pk": 167, "fields": {"latitude": 40.51674, "longitude": 16.06289, "province": "Potenza", "village": "Pietrapertosa", "address": "Parco Pierto 10", "type": "none"}}, {"model": "hiketracking.point", "pk": 168, "fields": {"latitude": 40.67092, "longitude": 16.63172, "province": "Matera", "village": "Pedale della Palomba", "address": "Statale 123", "type": "none"}}, {"model": "hiketracking.point", "pk": 169, "fields": {"latitude": 39.93403, "longitude": 16.16156, "province": "Potenza", "village": "Viggianello", "address": "Viggianello Piazza Centrale", "type": "none"}}, {"model": "hiketracking.point", "pk": 170, "fields": {"latitude": 40.5243, "longitude": 16.04634, "province": "Potenza", "village": "Castelmezzano", "address": "Via Tredicilance 12", "type": "none"}}, {"model": "hiketracking.point", "pk": 171, "fields": {"latitude": 40.14136, "longitude": 15.9827, "province": "Potenza", "village": "Castelsaraceno", "address": "Piazzale Ceti Radogna", "type": "none"}}, {"model": "hiketracking.point", "pk": 172, "fields": {"latitude": 39.92537, "longitude": 16.21372, "province": "Potenza", "village": "Terranova di Pollino", "address": "Via Pollino 12", "type": "none"}}, {"model": "hiketracking.point", "pk": 173, "fields": {"latitude": 40.67202, "longitude": 16.62876, "province": "Matera", "village": "Trasano", "address": "Lombardo Al Piceno", "type": "none"}}, {"model": "hiketracking.point", "pk": 174, "fields": {"latitude": 40.69908, "longitude": 16.47273, "province": "", "village": "", "address": "Via Marco polo 12", "type": "none"}}, {"model": "hiketracking.point", "pk": 175, "fields": {"latitude": 40.66681, "longitude": 16.61095, "province": "", "village": "", "address": "Lombardo 13", "type": "none"}}, {"model": "hiketracking.point", "pk": 176, "fields": {"latitude": 45.188244, "longitude": 7.0768, "province": "Torino", "village": "Mompantero", "address": "Nice view", "type": "none"}}, {"model": "hiketracking.point", "pk": 177, "fields": {"latitude": 45.196784, "longitude": 7.07501, "province": "Torino", "village": "Novalesa", "address": "Bad View", "type": "none"}}, {"model": "hiketracking.point", "pk": 178, "fields": {"latitude": 44.55683704465628, "longitude": 7.155619841068983, "province": "Cuneo", "village": "Sampeyre", "address": "", "type": "none"}}, {"model": "hiketracking.point", "pk": 179, "fields": {"latitude": 51.5578915, "longitude": 0.2499667, "province": " ", "village": " ", "address": "", "type": "none"}}, {"model": "hiketracking.point", "pk": 180, "fields": {"latitude": 51.5320702, "longitude": 0.2499729, "province": " ", "village": " ", "address": "", "type": "none"}}, {"model": "hiketracking.point", "pk": 181, "fields": {"latitude": 44.57333195954561, "longitude": 6.973982993513346, "province": " ", "village": " ", "address": "", "type": "none"}}, {"model": "hiketracking.point", "pk": 182, "fields": {"latitude": 44.573251996189356, "longitude": 6.974000008776784, "province": " ", "village": " ", "address": "", "type": "none"}}, {"model": "hiketracking.point", "pk": 183, "fields": {"latitude": 45.078562524475274, "longitude": 7.181797367594325, "province": "Torino", "village": "Villar Focchiardo", "address": "Frazione La Riposa 10059 Mompantero, Susa TO", "type": "hut"}}, {"model": "hiketracking.point", "pk": 184, "fields": {"latitude": 45.18195, "longitude": 7.078664, "province": "Torino", "village": "Mompantero", "address": "zerod", "type": "none"}}, {"model": "hiketracking.hike", "pk": 2, "fields": {"title": "Sentiero per il ROC DEL BOUCHER", "length": 12307, "expected_time": 180, "ascent": 1331, "altitude": 3284, "difficulty": "Pro Hiker", "description": "Questa escursione non  consigliata per i neofiti della montagna, per i principianti e per chi non ha un buon livello di allenamento: infatti oltre ad un dislivello abbastanza marcato anche la mancanza di una traccia ben segnalata ed evidente complica non di poco la progressione.  inoltre richiesta una certa abitudine e tranquillit a percorrere tratti esposti.", "track_file": "tracks/Roc_del_Boucher_jpHHhEx_biWXAZT.gpx", "start_point": 3, "end_point": 4, "local_guide": 1, "picture": "./hikePictures/defultImage.jpg", "condition": "Open", "condition_description": "Open"}}, {"model": "hiketracking.hike", "pk": 3, "fields": {"title": "Sentiero per PUNTA NERA", "length": 18, "expected_time": 150, "ascent": 3047, "altitude": 1000, "difficulty": "Pro Hiker", "description": "Percorso circolare che va a toccare il cuore del Gruppo Sorapiss. Tutto il settore sud est rimane purtroppo sconosciuto, poich coperto dalle muraglie possenti del Fop di Mattia e della Punta di Sorapiss, ma si ha modo di memorizzare tutta la fetta di territorio che va dal Passo Tre Croci alle pendici della Punta Nera. Nel complesso lungo e faticoso, consigliato a chi ha le gambe buone e sa trovare gli stimoli necessari. Sar compensato da un ambiente sempre vario e comunque attraente. Dolce quando si rimontano le gobbe prative che avvicinano Forcella Faloria, severo lo scavalcamento della Sella di Punta Nera, impressionante la discesa sotto gli strapiombi (nel vero senso della parola) della Torre Pupa, lunare tra le pietraie che accompagnano al delizioso Lago di Sorapiss e sereno il rientro al Passo, sopra la Val Ansiei. Lascesa alla Punta Nera, facoltativa,  la ciliegina sulla torta. Si domina la conca di Cortina, si ammirano le sue montagne tranne i tormentati e continui smantellamenti sul Faloria.", "track_file": "tracks/Punta Nera e Colle della Rho.gpx", "start_point": 7, "end_point": 8, "local_guide": 1, "picture": "./hikePictures/defultImage.jpg", "condition": "Open", "condition_description": "Open"}}, {"model": "hiketracking.hike", "pk": 5, "fields": {"title": "Sentiero per il LAGO DEI SETTE COLORI", "length": 21, "expected_time": 180, "ascent": 2329, "altitude": 1000, "difficulty": "Tourist", "description": "La passeggiata proposta  semplice. Il percorso  caratterizzato da un primo tratto in salita e successivamente da saliscendi che si distendono su ampi tratti prativi. Risulta comunque indicato a famiglie con bambini in et scolare. La partenza dal rifugio Capanna Mautino consente di avere un punto di ristoro e larrivo al Lago  indicato per pic-nic.", "track_file": "tracks/Lago dei 7 colori (lago gignoux).gpx", "start_point": 7, "end_point": 8, "local_guide": 1, "picture": "./hikePictures/defultImage.jpg", "condition": "Open", "condition_description": "Open"}}, {"model": "hiketracking.hike", "pk": 6, "fields": {"title": "Sentiero per il MONTE PIETRABORGA da PIOSSASCO", "length": 15, "expected_time": 120, "ascent": 926, "altitude": 1000, "difficulty": "Tourist", "description": "Il sentiero  molto facile e frequentato, ma occorre una sufficiente capacit di orientamento, in quanto presenta diverse diramazioni.", "track_file": "tracks/pietraborga da piossasco.gpx", "start_point": 11, "end_point": 12, "local_guide": 1, "picture": "./hikePictures/defultImage.jpg", "condition": "Open", "condition_description": "Open"}}, {"model": "hiketracking.hike", "pk": 7, "fields": {"title": "Sentiero per TESTA DI GARITTA NUOVA da BORGATA RU", "length": 18, "expected_time": 240, "ascent": 2385, "altitude": 1000, "difficulty": "Hiker", "description": "Dalla vetta, nelle giornate con il cielo terso, la vista sul Monviso  una delle pi suggestive di tutta la Valle Varaita essendo proprio sul confine con la Valle Po.", "track_file": "tracks/Testa di Garitta Nuova da Borgata Rua.gpx", "start_point": 13, "end_point": 14, "local_guide": 1, "picture": "./hikePictures/defultImage.jpg", "condition": "Open", "condition_description": "Open"}}, {"model": "hiketracking.hike", "pk": 8, "fields": {"title": "Sentiero per la CIMA DI CROSA", "length": 11, "expected_time": 240, "ascent": 2536, "altitude": 1000, "difficulty": "Hiker", "description": " Come accennato, io ho trovato alcuni pezzi con la neve, che rendevano un po difficoltoso individuare il    sentiero, con tratti anche scivolosi. Non ho avuto la necessit di ricorrere a nessun tipo di sostegno, anche nel traverso verticale sulla neve. In assenza di neve, il sentiero, come gi detto,  visibilissimo. ", "track_file": "tracks/Borgata Rua-Cima di Crosa.gpx", "start_point": 15, "end_point": 16, "local_guide": 1, "picture": "./hikePictures/defultImage.jpg", "condition": "Open", "condition_description": "Open"}}, {"model": "hiketracking.hike", "pk": 9, "fields": {"title": "Sentiero per MONTE RIBA DEL GIAS", "length": 8, "expected_time": 300, "ascent": 2381, "altitude": 1000, "difficulty": "Tourist", "description": "Dallometto di pietra possiamo vedere chiaramente tutta la cresta che separa Valle Varaita dalla Valle Po e spostando lo sguardo a desta del colle Cervetto vediamo chiaramente Riba del Gias, riconoscibile come la punta pi elevata della cresta.", "track_file": "tracks/Monte Riba del Gias da Becetto(Rua).gpx", "start_point": 17, "end_point": 18, "local_guide": 1, "picture": "./hikePictures/defultImage.jpg", "condition": "Open", "condition_description": "Open"}}, {"model": "hiketracking.hike", "pk": 10, "fields": {"title": "Sentiero per il RIFUGIO MEIRA GARNERI da SAMPEYRE", "length": 8, "expected_time": 120, "ascent": 1850, "altitude": 1000, "difficulty": "Hiker", "description": "Questo itinerario  molto molto suggestivo da percorrere nelle notti di luna piena dove, previa prenotazione,  possibile cenare al rifugio.", "track_file": "tracks/Rifugio Meira Garneri da Sampeyre.gpx", "start_point": 19, "end_point": 20, "local_guide": 1, "picture": "./hikePictures/defultImage.jpg", "condition": "Open", "condition_description": "Open"}}, {"model": "hiketracking.hike", "pk": 11, "fields": {"title": "Sentiero per i LAGHI DEL MONVISO", "length": 10, "expected_time": 150, "ascent": 2200, "altitude": 1000, "difficulty": "Hiker", "description": "Il terreno  un poco scosceso in alcuni tratti e si presenta pietroso.", "track_file": "tracks/Pian della Regina - Laghi del Monviso.gpx", "start_point": 20, "end_point": 21, "local_guide": 1, "picture": "./hikePictures/defultImage.jpg", "condition": "Open", "condition_description": "Open"}}, {"model": "hiketracking.hike", "pk": 12, "fields": {"title": "Greenway Del Lago Di Como", "length": 11, "expected_time": 210, "ascent": 276, "altitude": 1000, "difficulty": "Tourist", "description": "Il terreno  pianeggiante. C' una piccola salita e la pista non  molto sassosa.", "track_file": "tracks/GreenWay.gpx", "start_point": 22, "end_point": 23, "local_guide": 1, "picture": "./hikePictures/defultImage.jpg", "condition": "Open", "condition_description": "Open"}}, {"model": "hiketracking.hike", "pk": 13, "fields": {"title": "Il Sentiero Degli Dei", "length": 7, "expected_time": 180, "ascent": -500, "altitude": 1000, "difficulty": "Hiker", "description": "Il sentiero  roccioso e non  asfaltato. Presenta alcune salite, ma nel complesso  un'escursione in discesa. Non c' una ringhiera protettiva, quindi non  consigliabile farlo con i bambini. Anche le persone con vertigini dovrebbero evitarlo.", "track_file": "tracks/Il-Sentiero-Degli-Dei.gpx", "start_point": 24, "end_point": 25, "local_guide": 1, "picture": "./hikePictures/defultImage.jpg", "condition": "Open", "condition_description": "Open"}}, {"model": "hiketracking.hike", "pk": 14, "fields": {"title": "Sentiero Monterosso - Vernazza", "length": 3, "expected_time": 80, "ascent": 175, "altitude": 1000, "difficulty": "Tourist", "description": "Il sentiero dal lato di Monterosso guadagna bruscamente quota, quindi dovrai salire 500 gradini, lastricati sull'antico sentiero.", "track_file": "tracks/SentieroMonterosso.gpx", "start_point": 26, "end_point": 27, "local_guide": 1, "picture": "./hikePictures/defultImage.jpg", "condition": "Open", "condition_description": "Open"}}, {"model": "hiketracking.hike", "pk": 100, "fields": {"title": "Riserva dello zingaro", "length": 6, "expected_time": 81, "ascent": 148, "altitude": 1000, "difficulty": "Hiker", "description": "Una stupenda escursione tra mare e vegetazione, l'unica difficolt nell'affrontarla  la temperatura estiva", "track_file": "tracks/Riserva dello zingaro.gpx", "start_point": 101, "end_point": 102, "local_guide": 1, "picture": "./hikePictures/defultImage.jpg", "condition": "Open", "condition_description": "Open"}}, {"model": "hiketracking.hike", "pk": 103, "fields": {"title": "Passeggiata per il bosco scorace", "length": 4, "expected_time": 80, "ascent": 320, "altitude": 1000, "difficulty": "Hiker", "description": "Alla scoperta dei bosci e della campagna che circonda la natura incontaminata", "track_file": "tracks/Passeggiata per il bosco scorace.gpx", "start_point": 104, "end_point": 105, "local_guide": 1, "picture": "./hikePictures/defultImage.jpg", "condition": "Open", "condition_description": "Open"}}, {"model": "hiketracking.hike", "pk": 106, "fields": {"title": "Monte Sparagio", "length": 7, "expected_time": 170, "ascent": 1090, "altitude": 1000, "difficulty": "Hiker", "description": "Una scalata per ammirare al meglio il sole al tramonto che si spegne sul mare", "track_file": "tracks/Monte sparagio.gpx", "start_point": 107, "end_point": 108, "local_guide": 1, "picture": "./hikePictures/defultImage.jpg", "condition": "Open", "condition_description": "Open"}}, {"model": "hiketracking.hike", "pk": 109, "fields": {"title": "Monte Erice e Torretta Pepoli", "length": 5, "expected_time": 130, "ascent": 1090, "altitude": 1000, "difficulty": "Hiker", "description": "Una passeggiata alla scoperta del monte Erice e della torretta Pepoli", "track_file": "tracks/Monte erice e torretta pepoli.gpx", "start_point": 110, "end_point": 111, "local_guide": 1, "picture": "./hikePictures/defultImage.jpg", "condition": "Open", "condition_description": "Open"}}, {"model": "hiketracking.hike", "pk": 112, "fields": {"title": "Monte Cofano", "length": 6, "expected_time": 155, "ascent": 610, "altitude": 1000, "difficulty": "Hiker", "description": "Escursione sul monte Cofano guardando il mare", "track_file": "tracks/Monte cofano.gpx", "start_point": 113, "end_point": 114, "local_guide": 1, "picture": "./hikePictures/defultImage.jpg", "condition": "Open", "condition_description": "Open"}}, {"model": "hiketracking.hike", "pk": 115, "fields": {"title": "Lago di Garda", "length": 5, "expected_time": 90, "ascent": 88, "altitude": 1000, "difficulty": "Hiker", "description": "Escursione sul lago di Garda", "track_file": "tracks/Lago di garda.gpx", "start_point": 116, "end_point": 117, "local_guide": 1, "picture": "./hikePictures/defultImage.jpg", "condition": "Open", "condition_description": "Open"}}, {"model": "hiketracking.hike", "pk": 118, "fields": {"title": "Lago Poma", "length": 5, "expected_time": 80, "ascent": 205, "altitude": 1000, "difficulty": "Hiker", "description": "Escursione sul lago Poma", "track_file": "tracks/Lago poma.gpx", "start_point": 119, "end_point": 120, "local_guide": 1, "picture": "./hikePictures/defultImage.jpg", "condition": "Open", "condition_description": "Open"}}, {"model": "hiketracking.hike", "pk": 121, "fields": {"title": "Favignana", "length": 16, "expected_time": 280, "ascent": 288, "altitude": 1000, "difficulty": "Hiker", "description": "Visita dell'isola di favignana", "track_file": "tracks/Favignana.gpx", "start_point": 122, "end_point": 123, "local_guide": 1, "picture": "./hikePictures/defultImage.jpg", "condition": "Open", "condition_description": "Open"}}, {"model": "hiketracking.hike", "pk": 124, "fields": {"title": "Sentiero per l'Etna", "length": 18, "expected_time": 445, "ascent": 2199, "altitude": 1000, "difficulty": "Pro Hiker", "description": "Escursione sull'Etna", "track_file": "tracks/Etna.gpx", "start_point": 125, "end_point": 126, "local_guide": 1, "picture": "./hikePictures/defultImage.jpg", "condition": "Open", "condition_description": "Open"}}, {"model": "hiketracking.hike", "pk": 127, "fields": {"title": "Parco dei Sicani", "length": 5, "expected_time": 115, "ascent": 1170, "altitude": 1000, "difficulty": "Hiker", "description": "Parco dei Sicani", "track_file": "tracks/Parco dei Sicani.gpx", "start_point": 128, "end_point": 129, "local_guide": 1, "picture": "./hikePictures/defultImage.jpg", "condition": "Open", "condition_description": "Open"}}, {"model": "hiketracking.hike", "pk": 128, "fields": {"title": "HPB Coreggia: Putigano to Alb", "length": 19, "expected_time": 286, "ascent": 195, "altitude": 1000, "difficulty": "moderate", "description": "A long (approx 18.5km) linear walk which can be achieved with the help of the railway", "track_file": "tracks/t47994530_hpb_coreggia-.gpx", "start_point": 131, "end_point": 132, "local_guide": 1, "picture": "./hikePictures/defultImage.jpg", "condition": "Open", "condition_description": "Open"}}, {"model": "hiketracking.hike", "pk": 129, "fields": {"title": "Appian Way Stage 04: Grottagli", "length": 25, "expected_time": 359, "ascent": 20, "altitude": 1000, "difficulty": "moderate", "description": "cami caminho cammino chemin chemins compostela itineraire jacob jacobeo jacobi jacobs jacobsweg jacques james james jaume sant st ste saint san path route ruta via voie way of weg ]", "track_file": "tracks/t128823133_appian_way_stage_04-.gpx", "start_point": 133, "end_point": 134, "local_guide": 17, "picture": "./hikePictures/defultImage.jpg", "condition": "Open", "condition_description": "Open"}}, {"model": "hiketracking.hike", "pk": 130, "fields": {"title": "Appian Way Stage 05: Taranto-M", "length": 22, "expected_time": 319, "ascent": 89, "altitude": 1000, "difficulty": "moderate", "description": "cami caminho cammino chemin chemins compostela itineraire jacob jacobeo jacobi jacobs jacobsweg jacques james james jaume sant st ste saint san path route ruta via voie way of weg ]", "track_file": "tracks/t128823134_appian_way_stage_05-.gpx", "start_point": 135, "end_point": 136, "local_guide": 17, "picture": "./hikePictures/defultImage.jpg", "condition": "Open", "condition_description": "Open"}}, {"model": "hiketracking.hike", "pk": 131, "fields": {"title": "Percorso, 07/feb/2020 17.53.04", "length": 6, "expected_time": 91, "ascent": 28, "altitude": 1000, "difficulty": "moderate", "description": "\"MARATONA\" PERCORSO 1 CITTADINO MARATONA, PERCORSO CITTADINO MARK 1", "track_file": "tracks/t147231904_percorso-_07-feb-2020.gpx", "start_point": 137, "end_point": 138, "local_guide": 17, "picture": "./hikePictures/defultImage.jpg", "condition": "Open", "condition_description": "Open"}}, {"model": "hiketracking.hike", "pk": 132, "fields": {"title": "MARATONA PER CHI CAMMINA (III)", "length": 5, "expected_time": 68, "ascent": 14, "altitude": 1000, "difficulty": "moderate", "description": "MARATONA PER CHI CAMMINA (III) The Most Beautiful hikes in ItalyTravel Guide Map / Italy Italy  Apulia  Taranto  Taranto Similar routes nearby  These suggestions were created automatically. QUESTIO", "track_file": "tracks/t147231907_maratona_per_chi.gpx", "start_point": 139, "end_point": 140, "local_guide": 17, "picture": "./hikePictures/defultImage.jpg", "condition": "Open", "condition_description": "Open"}}, {"model": "hiketracking.hike", "pk": 133, "fields": {"title": "maratona per chi cammina (IV)", "length": 5, "expected_time": 77, "ascent": 8, "altitude": 1000, "difficulty": "moderate", "description": "maratona per chi cammina (IV)", "track_file": "tracks/t147231908_maratona_per_chi.gpx", "start_point": 141, "end_point": 142, "local_guide": 17, "picture": "./hikePictures/defultImage.jpg", "condition": "Open", "condition_description": "Open"}}, {"model": "hiketracking.hike", "pk": 134, "fields": {"title": "MARATONA PERIFERIA CORSA (I)", "length": 11, "expected_time": 308, "ascent": 24, "altitude": 1000, "difficulty": "moderate", "description": "MARATONA PERIFERIA CORSA (I)", "track_file": "tracks/t147231905_maratona_periferia.gpx", "start_point": 143, "end_point": 144, "local_guide": 17, "picture": "./hikePictures/defultImage.jpg", "condition": "Open", "condition_description": "Open"}}, {"model": "hiketracking.hike", "pk": 135, "fields": {"title": "Punta Tresino from Agropoli to", "length": 13, "expected_time": 260, "ascent": 174, "altitude": 1000, "difficulty": "easy", "description": "Gentle coastal walk along the Punta Tresino from Agropoli train station to Santa Maria di Castellabate.", "track_file": "tracks/t800231309_punta_tresino_from.gpx", "start_point": 145, "end_point": 146, "local_guide": 17, "picture": "./hikePictures/defultImage.jpg", "condition": "Open", "condition_description": "Open"}}, {"model": "hiketracking.hike", "pk": 136, "fields": {"title": "Path of the Sirens", "length": 15, "expected_time": 270, "ascent": 60, "altitude": 1000, "difficulty": "moderate", "description": "Out and back walk along the Path of the Sirens, from Santa Maria di Castellabate to its sister village of San Marco di Castellabate and beyond to Punta Licosa.", "track_file": "tracks/t800393858_path_of_the_sirens.gpx", "start_point": 147, "end_point": 148, "local_guide": 17, "picture": "./hikePictures/defultImage.jpg", "condition": "Open", "condition_description": "Open"}}, {"model": "hiketracking.hike", "pk": 137, "fields": {"title": "Path of the Sirens - Extended", "length": 20, "expected_time": 354, "ascent": 99, "altitude": 1000, "difficulty": "moderate", "description": "Out and back walk along the Path of the Sirens, from Santa Maria di Castellabate to its sister village of San Marco di Castellabate and beyond to Punta Licosa.", "track_file": "tracks/t800231648_path_of_the_sirens_-.gpx", "start_point": 149, "end_point": 150, "local_guide": 17, "picture": "./hikePictures/defultImage.jpg", "condition": "Open", "condition_description": "Open"}}, {"model": "hiketracking.hike", "pk": 138, "fields": {"title": "Mongelia-Levanto", "length": 18, "expected_time": 370, "ascent": 1481, "altitude": 1000, "difficulty": "Hiker", "description": "Stage of a pilgrimage along ancient Roman roads the entire length of Italy", "track_file": "tracks/Mongelia-Levanto.gpx", "start_point": 151, "end_point": 152, "local_guide": 17, "picture": "./hikePictures/defultImage.jpg", "condition": "Open", "condition_description": "Open"}}, {"model": "hiketracking.hike", "pk": 139, "fields": {"title": "Castell' Arquato to Fidenza", "length": 23, "expected_time": 390, "ascent": 296, "altitude": 1000, "difficulty": "Moderate", "description": "walk is along a peaceful stretch of the Via Francigena, where you can contemplate your experiences of the previous days", "track_file": "tracks/castel-arquato-to-fidenza.gpx", "start_point": 153, "end_point": 154, "local_guide": 17, "picture": "./hikePictures/defultImage.jpg", "condition": "Open", "condition_description": "Open"}}, {"model": "hiketracking.hike", "pk": 140, "fields": {"title": "Saline Farnesiane e Costa Marenga", "length": 8, "expected_time": 140, "ascent": 117, "altitude": 1000, "difficulty": "Easy", "description": "Dal museo MuMab di San Nicomede a Salsominore, rientro da Costa Marenga, passando per l'ultimo esempio di salina del territorio", "track_file": "tracks/saline-farnesiane-e.gpx", "start_point": 155, "end_point": 156, "local_guide": 17, "picture": "./hikePictures/defultImage.jpg", "condition": "Open", "condition_description": "Open"}}, {"model": "hiketracking.hike", "pk": 141, "fields": {"title": "Fornovo to Cassio", "length": 20, "expected_time": 420, "ascent": 1103, "altitude": 1000, "difficulty": "Moderate", "description": "Situated at 1,040m it divides the Ligurian and Tuscan Apennines. The superb mountain scenery is a highlight and in addition to this, you will pass through the Salti del Diavolo, unusual rock formations which were formed over 80 million years ago. ", "track_file": "tracks/fornovo-cassio.gpx", "start_point": 157, "end_point": 158, "local_guide": 17, "picture": "./hikePictures/defultImage.jpg", "condition": "Open", "condition_description": "Open"}}, {"model": "hiketracking.hike", "pk": 142, "fields": {"title": "Carpaneto to Castell'Arquato", "length": 13, "expected_time": 240, "ascent": 212, "altitude": 1000, "difficulty": "Moderate", "description": "A delightful shorter day of walking awaits as you travel through vineyard-covered hills and an area famed for its Colli Piacentini wines", "track_file": "tracks/car-castel.gpx", "start_point": 159, "end_point": 160, "local_guide": 17, "picture": "./hikePictures/defultImage.jpg", "condition": "Open", "condition_description": "Open"}}, {"model": "hiketracking.hike", "pk": 143, "fields": {"title": "Cassio to Berceto", "length": 10, "expected_time": 210, "ascent": 268, "altitude": 1000, "difficulty": "Moderate", "description": "Shady forests, hamlets and reach the crest of a hill before descending into Berceto", "track_file": "tracks/cassio-berceto.gpx", "start_point": 161, "end_point": 162, "local_guide": 17, "picture": "./hikePictures/defultImage.jpg", "condition": "Open", "condition_description": "Open"}}, {"model": "hiketracking.hike", "pk": 144, "fields": {"title": "Previd to Filattiera", "length": 21, "expected_time": 390, "ascent": 373, "altitude": 1000, "difficulty": "Moderate", "description": "Along the way today you will see many interesting pilgrimage sites, such as small alters, little chapels and signs that during medieval times faith was so much a part of life", "track_file": "tracks/pre-fil.gpx", "start_point": 163, "end_point": 164, "local_guide": 17, "picture": "./hikePictures/defultImage.jpg", "condition": "Open", "condition_description": "Open"}}, {"model": "hiketracking.hike", "pk": 145, "fields": {"title": "Belvedere Murgia", "length": 4, "expected_time": 120, "ascent": 412, "altitude": 1000, "difficulty": "Tourist", "description": "Scopri questo sentiero ad anello di 4,3-km vicino a Matera, Basilicata. Un percorso generalmente considerato facile che richiede una media di 1 o 36 min per essere completato.", "track_file": "tracks/Matera_-_Belvedere_Murgia_Materana.gpx", "start_point": 165, "end_point": 165, "local_guide": 1, "picture": "./hikePictures/defultImage.jpg", "condition": "Open", "condition_description": "Open"}}, {"model": "hiketracking.hike", "pk": 146, "fields": {"title": "Cave di Murgia", "length": 4, "expected_time": 240, "ascent": 422, "altitude": 1000, "difficulty": "Tourist", "description": "Sperimenta questo sentiero ad anello di 4,2-km vicino a Matera, Basilicata. Un percorso generalmente considerato moderatamente impegnativo che richiede una media di 1 o 4 min per essere completato. ", "track_file": "tracks/Cave_di_Murgia_-_Cappella_di_San_Falcione.gpx", "start_point": 166, "end_point": 166, "local_guide": 1, "picture": "./hikePictures/defultImage.jpg", "condition": "Open", "condition_description": "Open"}}, {"model": "hiketracking.hike", "pk": 147, "fields": {"title": "Pietrapertosa", "length": 1, "expected_time": 240, "ascent": 1005, "altitude": 1000, "difficulty": "Tourist", "description": "Dirigiti su questo sentiero ad anello di 10,3-km vicino a Pietrapertosa, Basilicata. Un percorso generalmente considerato moderatamente impegnativo che richiede una media di 4 o 30 min per essere completato", "track_file": "tracks/Pietrapertosa_-_Castelmezzano.gpx", "start_point": 167, "end_point": 167, "local_guide": 1, "picture": "./hikePictures/defultImage.jpg", "condition": "Open", "condition_description": "Open"}}, {"model": "hiketracking.hike", "pk": 148, "fields": {"title": "Parco Radogna", "length": 8, "expected_time": 240, "ascent": 422, "altitude": 1000, "difficulty": "Tourist", "description": "Esplora questo sentiero ad anello di 8,2-km vicino a Matera, Basilicata. Un percorso generalmente considerato moderatamente impegnativo che richiede una media di 2 o 38 min per essere completato", "track_file": "tracks/Parco_Radogna_-_Matera.gpx", "start_point": 168, "end_point": 168, "local_guide": 1, "picture": "./hikePictures/defultImage.jpg", "condition": "Open", "condition_description": "Open"}}, {"model": "hiketracking.hike", "pk": 149, "fields": {"title": "Piano del Pollino", "length": 12, "expected_time": 240, "ascent": 1971, "altitude": 1000, "difficulty": "Tourist", "description": "Sperimenta questo sentiero ad anello di 14,2-km vicino a Viggianello, Basilicata. Un percorso generalmente considerato moderatamente impegnativo che richiede una media di 4 o 59 min per essere completato.", "track_file": "tracks/Piano_del_Pollino_-_Giardino_degli_Dei.gpx", "start_point": 169, "end_point": 169, "local_guide": 1, "picture": "./hikePictures/defultImage.jpg", "condition": "Open", "condition_description": "Open"}}, {"model": "hiketracking.hike", "pk": 150, "fields": {"title": "Ferrata Marciosa", "length": 7, "expected_time": 240, "ascent": 989, "altitude": 1000, "difficulty": "Tourist", "description": "Scopri questo sentiero ad anello di 7,7-km vicino a Castelmezzano, Basilicata.", "track_file": "tracks/Via_Ferrata_Marciosa_-_Via_Ferrata_Salemm.gpx", "start_point": 170, "end_point": 170, "local_guide": 1, "picture": "./hikePictures/defultImage.jpg", "condition": "Open", "condition_description": "Open"}}, {"model": "hiketracking.hike", "pk": 151, "fields": {"title": "Sentiero CAI del Bosco Favino", "length": 12, "expected_time": 240, "ascent": 1823, "altitude": 1000, "difficulty": "Tourist", "description": "Goditi questo sentiero andata e ritorno di 12,7-km vicino a Castelsaraceno, Basilicata. Un percorso generalmente considerato moderatamente impegnativo che richiede una media di 4 o 58 min per essere completato.", "track_file": "tracks/Sentiero_CAI_970__dal_Bosco_Favino_al_Monte_Alpi.gpx", "start_point": 171, "end_point": 171, "local_guide": 1, "picture": "./hikePictures/defultImage.jpg", "condition": "Open", "condition_description": "Open"}}, {"model": "hiketracking.hike", "pk": 152, "fields": {"title": "Colle Impiso", "length": 14, "expected_time": 240, "ascent": 1967, "altitude": 1000, "difficulty": "Tourist", "description": "Scopri questo sentiero andata e ritorno di 14,3-km vicino a Terranova di Pollino, Basilicata. Un percorso generalmente considerato moderatamente impegnativo che richiede una media di 5 o 1 min per essere completato", "track_file": "tracks/Colle_Impiso_-_Piani_di_Vacquarro_-_Grande_Porta_del_Pollino.gpx", "start_point": 172, "end_point": 172, "local_guide": 1, "picture": "./hikePictures/defultImage.jpg", "condition": "Open", "condition_description": "Open"}}, {"model": "hiketracking.hike", "pk": 153, "fields": {"title": "Parco delle Murgie", "length": 6, "expected_time": 240, "ascent": 422, "altitude": 1000, "difficulty": "Tourist", "description": "Controlla questo sentiero ad anello di 6,8-km vicino a Matera, Basilicata. Un percorso generalmente considerato moderatamente impegnativo che richiede una media di 2 o 9 min per essere completato", "track_file": "tracks/Parco_delle_Murgie_-_Chiese_Rupestri_di_Matera.gpx", "start_point": 173, "end_point": 173, "local_guide": 1, "picture": "./hikePictures/defultImage.jpg", "condition": "Open", "condition_description": "Open"}}, {"model": "hiketracking.hike", "pk": 154, "fields": {"title": "Picciano Tappa 77", "length": 29, "expected_time": 240, "ascent": 438, "altitude": 1000, "difficulty": "Tourist", "description": "Prova questo sentiero da punto a punto di 29,8-km vicino a Matera, Basilicata. Un percorso generalmente considerato impegnativo che richiede una media di 7 o 26 min per essere completato", "track_file": "tracks/Via_Peuceta_Tappa_7__Picciano_-_Matera.gpx", "start_point": 174, "end_point": 175, "local_guide": 1, "picture": "./hikePictures/defultImage.jpg", "condition": "Open", "condition_description": "Open"}}, {"model": "hiketracking.hike", "pk": 301, "fields": {"title": "Sentiero per il ROCCIAMELONE", "length": 4564, "expected_time": 240, "ascent": 1353, "altitude": 3500, "difficulty": "Pro Hiker", "description": "Un percorso conosciutissimo, molto amato da Valsusini e non solo.  lungo e impegnativo per via del dislivello, ma segnalato benissimo e soprattutto con un punto di appoggio a met strada circa (Il Rifugio gestito Ca dAsti)", "track_file": "tracks/rocciamelone_1_n6jXTbq.gpx", "start_point": 1, "end_point": 2, "local_guide": 1, "picture": "./hikePictures/defultImage.jpg", "condition": "Open", "condition_description": "Open"}}, {"model": "hiketracking.hike", "pk": 302, "fields": {"title": "Prova per la POST", "length": 12307, "expected_time": 24, "ascent": 1331, "altitude": 3284, "difficulty": "Tourist", "description": "First hike to be uploaded", "track_file": "tracks/Roc_del_Boucher_2SW0i7A.gpx", "start_point": 3, "end_point": 4, "local_guide": 1, "picture": "hikePictures/repository-open-graph-template.png", "condition": "Open", "condition_description": "Open"}}, {"model": "hiketracking.hike", "pk": 304, "fields": {"title": "Sentiero per", "length": 4156, "expected_time": 240, "ascent": 845, "altitude": 1819, "difficulty": "Tourist", "description": "First hike to be uploaded", "track_file": "tracks/Rifugio_Meira_Garneri_da_Sampeyre_hHZfVjU.gpx", "start_point": 19, "end_point": 178, "local_guide": 1, "picture": "hikePictures/repository-open-graph-template_iNp4x4I.png", "condition": "Open", "condition_description": "Open"}}, {"model": "hiketracking.hike", "pk": 305, "fields": {"title": "Sentiero per il Boucher", "length": 12307, "expected_time": 240, "ascent": 1331, "altitude": 3284, "difficulty": "Tourist", "description": "First hike to be uploaded", "track_file": "tracks/Roc_del_Boucher_n5pF0Lo.gpx", "start_point": 3, "end_point": 4, "local_guide": 1, "picture": "./hikePictures/defultImage.jpg", "condition": "Open", "condition_description": "Open"}}, {"model": "hiketracking.hikereferencepoint", "pk": 2, "fields": {"hike": 301, "point": 176}}, {"model": "hiketracking.hikereferencepoint", "pk": 3, "fields": {"hike": 301, "point": 177}}, {"model": "hiketracking.hikereferencepoint", "pk": 4, "fields": {"hike": 301, "point": 184}}, {"model": "hiketracking.hut", "pk": 1, "fields": {"name": "The hut Rifugio Torino", "n_beds": 97, "fee": 65.0, "ascent": 0, "phone": "+00000000", "email": "hutsemail", "web_site": "", "desc": "Il rifugio Torino  un rifugio alpino, situato de facto in Italia nel territorio del comune di Courmayeur, nell'alta Valdigne, in Valle d'Aosta, sul massiccio del Monte Bianco", "point": 1, "picture": ",/hutsPicture/defultHut.jpg"}}, {"model": "hiketracking.hut", "pk": 2, "fields": {"name": "Rifugio Colle del Lys", "n_beds": 112, "fee": 40.0, "ascent": 0, "phone": "+00000000", "email": "hutsemail", "web_site": "", "desc": "Lo Yeti Village  un nuovo complesso sciistico circondato dalla splendida natura del Colle del Lys", "point": 108, "picture": ",/hutsPicture/defultHut.jpg"}}, {"model": "hiketracking.hut", "pk": 3, "fields": {"name": "Rifugio La Riposaaaa", "n_beds": 10, "fee": 10.0, "ascent": 200, "phone": "3333333331", "email": "hut@mail.com", "web_site": "www.hut.com", "desc": "First Hut to be uploaded", "point": 183, "picture": ",/hutsPicture/defultHut.jpg"}}, {"model": "hiketracking.hutworker", "pk": 1, "fields": {"hutworker": 4, "hut": 1}}, {"model": "hiketracking.facility", "pk": 1, "fields": {"name": "Parking"}}, {"model": "hiketracking.facility", "pk": 2, "fields": {"name": "Wifi"}}, {"model": "hiketracking.facility", "pk": 3, "fields": {"name": ""}}, {"model": "hiketracking.hutfacility", "pk": 1, "fields": {"hut": 1, "facility": 1}}, {"model": "hiketracking.hutfacility", "pk": 2, "fields": {"hut": 1, "facility": 2}}, {"model": "hiketracking.hutfacility", "pk": 3, "fields": {"hut": 2, "facility": 1}}, {"model": "hiketracking.hutfacility", "pk": 4, "fields": {"hut": 3, "facility": 3}}, {"model": "hiketracking.parkinglot", "pk": 1, "fields": {"name": "Campeggi Valbondione", "fee": 15.0, "n_cars": 271, "desc": "Il Campeggio Valbondione dispone di 271 piazzole, tutte fornite di corrente elettrica, ideali per roulotte, camper o tende.  situato a Valbondione (BG), in alta Val Seriana, alla base delle pi alte vette delle Alpi Orobie e alla confluenza dei fiumi Serio e Bondione", "point": 103}}, {"model": "hiketracking.parkinglot", "pk": 2, "fields": {"name": "CAMPING SASS DLACIA", "fee": 30.0, "n_cars": 156, "desc": "Il Camping Sass Dlacia si trova nel  paesino di San Cassiano (BZ) in Alta Badia, alle porte del Parco Naturale Fanes-Senes-Braies. Circondato da boschi e pascoli alle pendici delle Dolomiti,  il punto di partenza perfetto per passeggiate, escursioni e pedalate.", "point": 104}}, {"model": "hiketracking.parkinglot", "pk": 3, "fields": {"name": "La sosta Smarano", "fee": 50.0, "n_cars": 98, "desc": "Una posizione privilegiata per raggiungere facilmente i laghi di Coredo e Tavon e il grande bacino di Santa Giustina, ma anche i centri abitati.", "point": 105}}, {"model": "hiketracking.parkinglot", "pk": 4, "fields": {"name": "AREA CAMPER TSCHAVAL", "fee": 28.0, "n_cars": 256, "desc": "Al fondo della magnifica valle del LYS ( o di GRESSONEY), ai piedi del massiccio del MONTEROSA, vi aspetta un accogliente area di sosta per il vostro camper. La struttura nasce dal desiderio di un ex camperista di creare una struttura come si sarebbe aspettato di trovare in una localit di montagna.", "point": 106}}, {"model": "hiketracking.huthike", "pk": 2, "fields": {"hike": 2, "hut": 1}}, {"model": "hiketracking.userhikelog", "pk": 6, "fields": {"user": 2, "hike": 301, "counter": 1, "point": 1, "datetime": "2023-01-04T18:32:21", "end": false}}, {"model": "hiketracking.userhikelog", "pk": 7, "fields": {"user": 2, "hike": 301, "counter": 1, "point": 177, "datetime": "2023-01-05T12:00:00", "end": false}}, {"model": "hiketracking.userhikelog", "pk": 8, "fields": {"user": 2, "hike": 301, "counter": 1, "point": 2, "datetime": "2023-01-05T12:00:00", "end": true}}, {"model": "hiketracking.userhikelog", "pk": 9, "fields": {"user": 2, "hike": 301, "counter": 2, "point": 1, "datetime": "2023-01-04T19:06:58", "end": false}}, {"model": "hiketracking.userhikelog", "pk": 10, "fields": {"user": 2, "hike": 301, "counter": 2, "point": 176, "datetime": "2023-01-05T15:09:00", "end": false}}, {"model": "hiketracking.userhikelog", "pk": 11, "fields": {"user": 2, "hike": 301, "counter": 2, "point": 2, "datetime": "2023-01-05T15:43:55", "end": true}}, {"model": "hiketracking.userhikelog", "pk": 12, "fields": {"user": 2, "hike": 301, "counter": 3, "point": 1, "datetime": "2023-01-05T15:44:10", "end": false}}, {"model": "hiketracking.userhikelog", "pk": 13, "fields": {"user": 2, "hike": 301, "counter": 3, "point": 2, "datetime": "2023-01-05T16:04:11", "end": true}}, {"model": "hiketracking.userhikelog", "pk": 14, "fields": {"user": 2, "hike": 142, "counter": 1, "point": 159, "datetime": "2023-01-05T16:04:19", "end": false}}, {"model": "hiketracking.userhikelog", "pk": 15, "fields": {"user": 2, "hike": 142, "counter": 1, "point": 160, "datetime": "2023-01-05T16:04:23", "end": true}}, {"model": "hiketracking.userhikelog", "pk": 16, "fields": {"user": 2, "hike": 301, "counter": 4, "point": 1, "datetime": "2023-01-05T16:05:55", "end": false}}, {"model": "hiketracking.userhikelog", "pk": 17, "fields": {"user": 2, "hike": 301, "counter": 4, "point": 2, "datetime": "2023-01-05T16:06:03", "end": true}}, {"model": "hiketracking.userhikelog", "pk": 18, "fields": {"user": 2, "hike": 301, "counter": 5, "point": 1, "datetime": "2023-01-05T16:11:17", "end": false}}, {"model": "hiketracking.userhikelog", "pk": 19, "fields": {"user": 2, "hike": 301, "counter": 5, "point": 2, "datetime": "2023-01-05T17:17:00", "end": true}}, {"model": "hiketracking.userhikelog", "pk": 20, "fields": {"user": 2, "hike": 305, "counter": 1, "point": 3, "datetime": "2023-01-05T16:24:49", "end": false}}, {"model": "hiketracking.userhikelog", "pk": 21, "fields": {"user": 2, "hike": 305, "counter": 1, "point": 4, "datetime": "2023-01-05T16:24:51", "end": true}}, {"model": "hiketracking.userhikelog", "pk": 22, "fields": {"user": 2, "hike": 301, "counter": 6, "point": 1, "datetime": "2023-01-05T16:28:24", "end": false}}, {"model": "hiketracking.userhikelog", "pk": 23, "fields": {"user": 2, "hike": 301, "counter": 6, "point": 2, "datetime": "2023-01-05T17:29:00", "end": true}}, {"model": "hiketracking.userhikelog", "pk": 24, "fields": {"user": 2, "hike": 301, "counter": 7, "point": 1, "datetime": "2023-01-05T16:29:32", "end": false}}, {"model": "hiketracking.userhikelog", "pk": 25, "fields": {"user": 2, "hike": 301, "counter": 7, "point": 176, "datetime": "2023-01-05T16:59:00", "end": false}}, {"model": "hiketracking.userhikelog", "pk": 26, "fields": {"user": 2, "hike": 301, "counter": 7, "point": 2, "datetime": "2023-01-05T17:29:00", "end": true}}, {"model": "hiketracking.userhikelog", "pk": 27, "fields": {"user": 2, "hike": 301, "counter": 8, "point": 1, "datetime": "2023-01-05T16:32:04", "end": false}}, {"model": "hiketracking.userhikelog", "pk": 28, "fields": {"user": 2, "hike": 301, "counter": 8, "point": 176, "datetime": "2023-01-05T17:02:00", "end": false}}, {"model": "hiketracking.userhikelog", "pk": 29, "fields": {"user": 2, "hike": 301, "counter": 8, "point": 2, "datetime": "2023-01-05T17:32:00", "end": true}}, {"model": "hiketracking.userhikelog", "pk": 30, "fields": {"user": 2, "hike": 301, "counter": 9, "point": 1, "datetime": "2023-01-05T16:33:14", "end": false}}, {"model": "hiketracking.userhikelog", "pk": 31, "fields": {"user": 2, "hike": 301, "counter": 9, "point": 176, "datetime": "2023-01-05T17:10:00", "end": false}}, {"model": "hiketracking.userhikelog", "pk": 32, "fields": {"user": 2, "hike": 301, "counter": 9, "point": 2, "datetime": "2023-01-05T17:41:00", "end": true}}, {"model": "hiketracking.userhikelog", "pk": 33, "fields": {"user": 2, "hike": 301, "counter": 10, "point": 1, "datetime": "2023-01-05T16:41:19", "end": false}}, {"model": "hiketracking.userhikelog", "pk": 34, "fields": {"user": 2, "hike": 301, "counter": 10, "point": 2, "datetime": "2023-01-05T17:41:00", "end": true}}, {"model": "hiketracking.userhikelog", "pk": 35, "fields": {"user": 2, "hike": 301, "counter": 11, "point": 1, "datetime": "2023-01-05T16:41:51", "end": false}}, {"model": "hiketracking.userhikelog", "pk": 36, "fields": {"user": 2, "hike": 301, "counter": 11, "point": 176, "datetime": "2023-01-05T17:12:00", "end": false}}, {"model": "hiketracking.userhikelog", "pk": 37, "fields": {"user": 2, "hike": 301, "counter": 11, "point": 2, "datetime": "2023-01-05T17:42:00", "end": true}}, {"model": "hiketracking.userhikelog", "pk": 38, "fields": {"user": 2, "hike": 301, "counter": 12, "point": 1, "datetime": "2023-01-05T16:43:50", "end": false}}, {"model": "hiketracking.userhikelog", "pk": 39, "fields": {"user": 2, "hike": 301, "counter": 12, "point": 176, "datetime": "2023-01-05T17:13:00", "end": false}}, {"model": "hiketracking.userhikelog", "pk": 40, "fields": {"user": 2, "hike": 301, "counter": 12, "point": 2, "datetime": "2023-01-05T17:43:00", "end": true}}, {"model": "hiketracking.userhikelog", "pk": 41, "fields": {"user": 2, "hike": 305, "counter": 2, "point": 3, "datetime": "2023-01-05T16:52:40", "end": false}}, {"model": "hiketracking.userhikelog", "pk": 42, "fields": {"user": 2, "hike": 305, "counter": 2, "point": 4, "datetime": "2023-01-05T16:52:46", "end": true}}, {"model": "hiketracking.userhikelog", "pk": 43, "fields": {"user": 2, "hike": 301, "counter": 13, "point": 1, "datetime": "2023-01-05T17:06:28", "end": false}}, {"model": "hiketracking.userhikelog", "pk": 44, "fields": {"user": 2, "hike": 301, "counter": 13, "point": 2, "datetime": "2023-01-05T17:07:12", "end": true}}, {"model": "hiketracking.userhikelog", "pk": 45, "fields": {"user": 2, "hike": 301, "counter": 14, "point": 1, "datetime": "2023-01-05T17:07:21", "end": false}}, {"model": "hiketracking.userhikelog", "pk": 46, "fields": {"user": 2, "hike": 301, "counter": 14, "point": 2, "datetime": "2023-01-05T17:07:51", "end": true}}, {"model": "hiketracking.userhikelog", "pk": 47, "fields": {"user": 2, "hike": 301, "counter": 15, "point": 1, "datetime": "2023-01-05T17:07:59", "end": false}}, {"model": "hiketracking.userhikelog", "pk": 48, "fields": {"user": 2, "hike": 301, "counter": 15, "point": 176, "datetime": "2023-05-01T04:37:00", "end": false}}, {"model": "hiketracking.userhikelog", "pk": 49, "fields": {"user": 2, "hike": 301, "counter": 15, "point": 177, "datetime": "2023-05-01T05:37:00", "end": false}}, {"model": "hiketracking.userhikelog", "pk": 50, "fields": {"user": 2, "hike": 301, "counter": 15, "point": 2, "datetime": "2023-05-01T06:07:00", "end": true}}, {"model": "hiketracking.userhikelog", "pk": 51, "fields": {"user": 2, "hike": 305, "counter": 3, "point": 3, "datetime": "2023-01-05T17:08:52", "end": false}}, {"model": "hiketracking.userhikelog", "pk": 52, "fields": {"user": 2, "hike": 305, "counter": 3, "point": 4, "datetime": "2023-01-05T17:08:55", "end": true}}, {"model": "hiketracking.userhikelog", "pk": 53, "fields": {"user": 2, "hike": 301, "counter": 16, "point": 1, "datetime": "2023-01-05T17:09:02", "end": false}}, {"model": "hiketracking.userhikelog", "pk": 54, "fields": {"user": 2, "hike": 301, "counter": 16, "point": 177, "datetime": "2023-01-05T20:09:00", "end": false}}, {"model": "hiketracking.userhikelog", "pk": 55, "fields": {"user": 2, "hike": 301, "counter": 16, "point": 2, "datetime": "2023-01-05T20:11:00", "end": true}}, {"model": "hiketracking.userhikelog", "pk": 56, "fields": {"user": 2, "hike": 301, "counter": 17, "point": 1, "datetime": "2023-01-05T17:13:26", "end": false}}, {"model": "hiketracking.userhikelog", "pk": 57, "fields": {"user": 2, "hike": 301, "counter": 17, "point": 176, "datetime": "2023-05-01T04:43:00", "end": false}}, {"model": "hiketracking.userhikelog", "pk": 58, "fields": {"user": 2, "hike": 301, "counter": 17, "point": 177, "datetime": "2023-05-01T05:43:00", "end": false}}, {"model": "hiketracking.userhikelog", "pk": 59, "fields": {"user": 2, "hike": 301, "counter": 17, "point": 2, "datetime": "2023-05-01T06:13:00", "end": true}}, {"model": "hiketracking.userhikelog", "pk": 60, "fields": {"user": 2, "hike": 301, "counter": 18, "point": 1, "datetime": "2023-01-05T17:14:35", "end": false}}, {"model": "hiketracking.userhikelog", "pk": 61, "fields": {"user": 2, "hike": 301, "counter": 18, "point": 2, "datetime": "2023-01-05T17:14:51", "end": true}}, {"model": "hiketracking.userhikelog", "pk": 62, "fields": {"user": 2, "hike": 301, "counter": 19, "point": 1, "datetime": "2023-01-05T17:14:58", "end": false}}, {"model": "hiketracking.userhikelog", "pk": 63, "fields": {"user": 2, "hike": 301, "counter": 19, "point": 2, "datetime": "2023-01-05T17:17:47", "end": true}}, {"model": "hiketracking.userhikelog", "pk": 64, "fields": {"user": 2, "hike": 154, "counter": 1, "point": 174, "datetime": "2023-01-05T17:17:50", "end": false}}, {"model": "hiketracking.userhikelog", "pk": 65, "fields": {"user": 2, "hike": 154, "counter": 1, "point": 175, "datetime": "2023-01-05T17:18:16", "end": true}}, {"model": "hiketracking.userhikelog", "pk": 66, "fields": {"user": 2, "hike": 301, "counter": 20, "point": 1, "datetime": "2023-01-05T17:18:23", "end": false}}, {"model": "hiketracking.userhikelog", "pk": 67, "fields": {"user": 2, "hike": 301, "counter": 20, "point": 176, "datetime": "2023-01-05T17:48:00", "end": false}}, {"model": "hiketracking.userhikelog", "pk": 68, "fields": {"user": 2, "hike": 301, "counter": 20, "point": 2, "datetime": "2023-01-05T18:18:00", "end": true}}, {"model": "hiketracking.userhikelog", "pk": 69, "fields": {"user": 2, "hike": 305, "counter": 4, "point": 3, "datetime": "2023-01-05T17:50:13", "end": false}}, {"model": "hiketracking.userhikelog", "pk": 70, "fields": {"user": 2, "hike": 305, "counter": 4, "point": 4, "datetime": "2023-01-04T00:00:00", "end": true}}, {"model": "hiketracking.userhikelog", "pk": 71, "fields": {"user": 2, "hike": 305, "counter": 5, "point": 3, "datetime": "2023-01-06T14:06:45", "end": false}}, {"model": "hiketracking.userhikelog", "pk": 72, "fields": {"user": 2, "hike": 305, "counter": 5, "point": 4, "datetime": "2023-01-06T14:06:48", "end": true}}, {"model": "hiketracking.userhikelog", "pk": 73, "fields": {"user": 2, "hike": 305, "counter": 6, "point": 3, "datetime": "2023-01-06T14:06:55", "end": false}}, {"model": "hiketracking.userhikelog", "pk": 74, "fields": {"user": 2, "hike": 305, "counter": 6, "point": 4, "datetime": "2023-01-06T14:07:00", "end": true}}, {"model": "hiketracking.userhikelog", "pk": 75, "fields": {"user": 2, "hike": 305, "counter": 7, "point": 3, "datetime": "2023-01-06T15:05:45", "end": false}}, {"model": "hiketracking.userhikelog", "pk": 76, "fields": {"user": 2, "hike": 305, "counter": 7, "point": 4, "datetime": "2023-01-06T16:13:11", "end": true}}, {"model": "hiketracking.userhikelog", "pk": 77, "fields": {"user": 2, "hike": 305, "counter": 8, "point": 3, "datetime": "2023-01-06T16:27:02", "end": false}}, {"model": "knox.authtoken", "pk": "52905bf706462540117dee08c0e62ae272114a1ce6293183010efbeb71f0f8fb5b9155babe05fd23eac5f4583592d397958806327785be51b9159b11e440b95e", "fields": {"token_key": "872b1e01", "user": 2, "created": "2023-01-06T15:05:43.860", "expiry": "2023-01-07T01:05:43.859"}}]