[
  {
    "model": "admin.logentry",
    "pk": 1,
    "fields": {
      "action_time": "2022-11-22T13:08:20.301Z",
      "user": 2,
      "content_type": 6,
      "object_id": "1",
      "object_repr": "mona131376st@gmail.com",
      "action_flag": 3,
      "change_message": ""
    }
  },
  {
    "model": "admin.logentry",
    "pk": 2,
    "fields": {
      "action_time": "2022-11-22T13:09:12.101Z",
      "user": 2,
      "content_type": 6,
      "object_id": "3",
      "object_repr": "mona131376st@gmail.com",
      "action_flag": 3,
      "change_message": ""
    }
  },
  {
    "model": "admin.logentry",
    "pk": 3,
    "fields": {
      "action_time": "2022-11-22T15:18:41.896Z",
      "user": 2,
      "content_type": 6,
      "object_id": "4",
      "object_repr": "mona131376st@gmail.com",
      "action_flag": 3,
      "change_message": ""
    }
  },
  {
    "model": "admin.logentry",
    "pk": 4,
    "fields": {
      "action_time": "2022-11-22T15:21:06.992Z",
      "user": 2,
      "content_type": 6,
      "object_id": "5",
      "object_repr": "mona131376st@gmail.com",
      "action_flag": 3,
      "change_message": ""
    }
  },
  {
    "model": "admin.logentry",
    "pk": 5,
    "fields": {
      "action_time": "2022-11-22T15:22:06.878Z",
      "user": 2,
      "content_type": 6,
      "object_id": "6",
      "object_repr": "mona131376st@gmail.com",
      "action_flag": 3,
      "change_message": ""
    }
  },
  {
    "model": "admin.logentry",
    "pk": 6,
    "fields": {
      "action_time": "2022-11-22T15:25:35.748Z",
      "user": 2,
      "content_type": 6,
      "object_id": "7",
      "object_repr": "mona131376st@gmail.com",
      "action_flag": 3,
      "change_message": ""
    }
  },
  {
    "model": "admin.logentry",
    "pk": 7,
    "fields": {
      "action_time": "2022-11-22T15:30:47.393Z",
      "user": 2,
      "content_type": 6,
      "object_id": "8",
      "object_repr": "mona131376st@gmail.com",
      "action_flag": 3,
      "change_message": ""
    }
  },
  {
    "model": "admin.logentry",
    "pk": 8,
    "fields": {
      "action_time": "2022-11-22T15:32:57.754Z",
      "user": 2,
      "content_type": 6,
      "object_id": "9",
      "object_repr": "mona131376st@gmail.com",
      "action_flag": 3,
      "change_message": ""
    }
  },
  {
    "model": "admin.logentry",
    "pk": 9,
    "fields": {
      "action_time": "2022-11-22T15:38:30.289Z",
      "user": 2,
      "content_type": 6,
      "object_id": "10",
      "object_repr": "mona131376st@gmail.com",
      "action_flag": 3,
      "change_message": ""
    }
  },
  {
    "model": "admin.logentry",
    "pk": 10,
    "fields": {
      "action_time": "2022-11-22T15:40:10.164Z",
      "user": 2,
      "content_type": 6,
      "object_id": "11",
      "object_repr": "mona131376st@gmail.com",
      "action_flag": 3,
      "change_message": ""
    }
  },
  {
    "model": "admin.logentry",
    "pk": 11,
    "fields": {
      "action_time": "2022-11-22T15:52:43.073Z",
      "user": 2,
      "content_type": 6,
      "object_id": "12",
      "object_repr": "mona131376st@gmail.com",
      "action_flag": 3,
      "change_message": ""
    }
  },
  {
    "model": "admin.logentry",
    "pk": 12,
    "fields": {
      "action_time": "2022-11-22T15:54:07.771Z",
      "user": 2,
      "content_type": 6,
      "object_id": "13",
      "object_repr": "mona131376st@gmail.com",
      "action_flag": 3,
      "change_message": ""
    }
  },
  {
    "model": "admin.logentry",
    "pk": 13,
    "fields": {
      "action_time": "2022-11-22T16:02:21.193Z",
      "user": 2,
      "content_type": 6,
      "object_id": "14",
      "object_repr": "mona131376st@gmail.com",
      "action_flag": 3,
      "change_message": ""
    }
  },
  {
    "model": "admin.logentry",
    "pk": 14,
    "fields": {
      "action_time": "2022-11-22T18:31:46.018Z",
      "user": 2,
      "content_type": 6,
      "object_id": "15",
      "object_repr": "mona131376st@gmail.com",
      "action_flag": 3,
      "change_message": ""
    }
  },
  {
    "model": "admin.logentry",
    "pk": 15,
    "fields": {
      "action_time": "2022-11-24T13:22:39.330Z",
      "user": 2,
      "content_type": 10,
      "object_id": "1",
      "object_repr": "Hut object (1)",
      "action_flag": 3,
      "change_message": ""
    }
  },
  {
    "model": "admin.logentry",
    "pk": 16,
    "fields": {
      "action_time": "2022-11-24T13:26:01.822Z",
      "user": 2,
      "content_type": 13,
      "object_id": "1",
      "object_repr": "",
      "action_flag": 3,
      "change_message": ""
    }
  },
  {
    "model": "admin.logentry",
    "pk": 17,
    "fields": {
      "action_time": "2022-11-24T13:26:19.799Z",
      "user": 2,
      "content_type": 6,
      "object_id": "16",
      "object_repr": "mona131376st@gmail.com",
      "action_flag": 3,
      "change_message": ""
    }
  },
  {
    "model": "admin.logentry",
    "pk": 18,
    "fields": {
      "action_time": "2022-11-24T13:26:28.360Z",
      "user": 2,
      "content_type": 7,
      "object_id": "1",
      "object_repr": "shower",
      "action_flag": 3,
      "change_message": ""
    }
  },
  {
    "model": "admin.logentry",
    "pk": 19,
    "fields": {
      "action_time": "2022-11-24T13:27:36.382Z",
      "user": 2,
      "content_type": 11,
      "object_id": "1",
      "object_repr": "mona131376st@gmail.com shower",
      "action_flag": 3,
      "change_message": ""
    }
  },
  {
    "model": "admin.logentry",
    "pk": 20,
    "fields": {
      "action_time": "2022-11-24T13:27:47.167Z",
      "user": 2,
      "content_type": 10,
      "object_id": "2",
      "object_repr": "mona131376st@gmail.com",
      "action_flag": 3,
      "change_message": ""
    }
  },
  {
    "model": "admin.logentry",
    "pk": 21,
    "fields": {
      "action_time": "2022-11-24T13:28:00.694Z",
      "user": 2,
      "content_type": 13,
      "object_id": "2",
      "object_repr": "hut",
      "action_flag": 3,
      "change_message": ""
    }
  },
  {
    "model": "admin.logentry",
    "pk": 22,
    "fields": {
      "action_time": "2022-11-26T22:55:00.896Z",
      "user": 2,
      "content_type": 10,
      "object_id": "3",
      "object_repr": "mona131376st@gmail.com",
      "action_flag": 3,
      "change_message": ""
    }
  },
  {
    "model": "admin.logentry",
    "pk": 23,
    "fields": {
      "action_time": "2022-11-27T21:22:47.016Z",
      "user": 17,
      "content_type": 13,
      "object_id": "130",
      "object_repr": "130_none",
      "action_flag": 1,
      "change_message": "[{\"added\": {}}]"
    }
  },
  {
    "model": "admin.logentry",
    "pk": 24,
    "fields": {
      "action_time": "2022-11-27T21:27:39.043Z",
      "user": 17,
      "content_type": 13,
      "object_id": "130",
      "object_repr": "130_none",
      "action_flag": 3,
      "change_message": ""
    }
  },
  {
    "model": "admin.logentry",
    "pk": 25,
    "fields": {
      "action_time": "2022-11-27T21:35:20.036Z",
      "user": 17,
      "content_type": 13,
      "object_id": "131",
      "object_repr": "131_none",
      "action_flag": 1,
      "change_message": "[{\"added\": {}}]"
    }
  },
  {
    "model": "admin.logentry",
    "pk": 26,
    "fields": {
      "action_time": "2022-11-27T21:38:20.060Z",
      "user": 17,
      "content_type": 13,
      "object_id": "132",
      "object_repr": "132_none",
      "action_flag": 1,
      "change_message": "[{\"added\": {}}]"
    }
  },
  {
    "model": "admin.logentry",
    "pk": 27,
    "fields": {
      "action_time": "2022-11-27T21:41:40.521Z",
      "user": 17,
      "content_type": 8,
      "object_id": "128",
      "object_repr": "HPB Coreggia: Putigano to Alb",
      "action_flag": 1,
      "change_message": "[{\"added\": {}}]"
    }
  },
  {
    "model": "admin.logentry",
    "pk": 28,
    "fields": {
      "action_time": "2022-11-27T21:45:32.185Z",
      "user": 17,
      "content_type": 13,
      "object_id": "133",
      "object_repr": "133_none",
      "action_flag": 1,
      "change_message": "[{\"added\": {}}]"
    }
  },
  {
    "model": "admin.logentry",
    "pk": 29,
    "fields": {
      "action_time": "2022-11-27T21:46:58.000Z",
      "user": 17,
      "content_type": 13,
      "object_id": "134",
      "object_repr": "134_none",
      "action_flag": 1,
      "change_message": "[{\"added\": {}}]"
    }
  },
  {
    "model": "admin.logentry",
    "pk": 30,
    "fields": {
      "action_time": "2022-11-27T21:47:03.941Z",
      "user": 17,
      "content_type": 8,
      "object_id": "129",
      "object_repr": "Appian Way Stage 04: Grottagli",
      "action_flag": 1,
      "change_message": "[{\"added\": {}}]"
    }
  },
  {
    "model": "admin.logentry",
    "pk": 31,
    "fields": {
      "action_time": "2022-11-27T21:50:05.841Z",
      "user": 17,
      "content_type": 13,
      "object_id": "135",
      "object_repr": "135_none",
      "action_flag": 1,
      "change_message": "[{\"added\": {}}]"
    }
  },
  {
    "model": "admin.logentry",
    "pk": 32,
    "fields": {
      "action_time": "2022-11-27T21:53:02.173Z",
      "user": 17,
      "content_type": 13,
      "object_id": "136",
      "object_repr": "136_none",
      "action_flag": 1,
      "change_message": "[{\"added\": {}}]"
    }
  },
  {
    "model": "admin.logentry",
    "pk": 33,
    "fields": {
      "action_time": "2022-11-27T21:53:10.261Z",
      "user": 17,
      "content_type": 8,
      "object_id": "130",
      "object_repr": "Appian Way Stage 05: Taranto-M",
      "action_flag": 1,
      "change_message": "[{\"added\": {}}]"
    }
  },
  {
    "model": "admin.logentry",
    "pk": 34,
    "fields": {
      "action_time": "2022-11-27T21:55:34.899Z",
      "user": 17,
      "content_type": 13,
      "object_id": "137",
      "object_repr": "137_none",
      "action_flag": 1,
      "change_message": "[{\"added\": {}}]"
    }
  },
  {
    "model": "admin.logentry",
    "pk": 35,
    "fields": {
      "action_time": "2022-11-27T21:58:00.887Z",
      "user": 17,
      "content_type": 13,
      "object_id": "138",
      "object_repr": "138_none",
      "action_flag": 1,
      "change_message": "[{\"added\": {}}]"
    }
  },
  {
    "model": "admin.logentry",
    "pk": 36,
    "fields": {
      "action_time": "2022-11-27T21:58:08.511Z",
      "user": 17,
      "content_type": 8,
      "object_id": "131",
      "object_repr": "Percorso, 07/feb/2020 17.53.04",
      "action_flag": 1,
      "change_message": "[{\"added\": {}}]"
    }
  },
  {
    "model": "admin.logentry",
    "pk": 37,
    "fields": {
      "action_time": "2022-11-27T22:00:26.985Z",
      "user": 17,
      "content_type": 13,
      "object_id": "139",
      "object_repr": "139_none",
      "action_flag": 1,
      "change_message": "[{\"added\": {}}]"
    }
  },
  {
    "model": "admin.logentry",
    "pk": 38,
    "fields": {
      "action_time": "2022-11-27T22:01:12.472Z",
      "user": 17,
      "content_type": 13,
      "object_id": "140",
      "object_repr": "140_none",
      "action_flag": 1,
      "change_message": "[{\"added\": {}}]"
    }
  },
  {
    "model": "admin.logentry",
    "pk": 39,
    "fields": {
      "action_time": "2022-11-27T22:02:50.242Z",
      "user": 17,
      "content_type": 8,
      "object_id": "132",
      "object_repr": "MARATONA PER CHI CAMMINA (III)",
      "action_flag": 1,
      "change_message": "[{\"added\": {}}]"
    }
  },
  {
    "model": "admin.logentry",
    "pk": 40,
    "fields": {
      "action_time": "2022-11-27T22:06:13.829Z",
      "user": 17,
      "content_type": 13,
      "object_id": "141",
      "object_repr": "141_none",
      "action_flag": 1,
      "change_message": "[{\"added\": {}}]"
    }
  },
  {
    "model": "admin.logentry",
    "pk": 41,
    "fields": {
      "action_time": "2022-11-27T22:07:40.277Z",
      "user": 17,
      "content_type": 13,
      "object_id": "142",
      "object_repr": "142_none",
      "action_flag": 1,
      "change_message": "[{\"added\": {}}]"
    }
  },
  {
    "model": "admin.logentry",
    "pk": 42,
    "fields": {
      "action_time": "2022-11-27T22:07:45.801Z",
      "user": 17,
      "content_type": 8,
      "object_id": "133",
      "object_repr": "maratona per chi cammina (IV)",
      "action_flag": 1,
      "change_message": "[{\"added\": {}}]"
    }
  },
  {
    "model": "admin.logentry",
    "pk": 43,
    "fields": {
      "action_time": "2022-11-27T22:11:15.696Z",
      "user": 17,
      "content_type": 13,
      "object_id": "143",
      "object_repr": "143_none",
      "action_flag": 1,
      "change_message": "[{\"added\": {}}]"
    }
  },
  {
    "model": "admin.logentry",
    "pk": 44,
    "fields": {
      "action_time": "2022-11-27T22:11:59.374Z",
      "user": 17,
      "content_type": 13,
      "object_id": "144",
      "object_repr": "144_none",
      "action_flag": 1,
      "change_message": "[{\"added\": {}}]"
    }
  },
  {
    "model": "admin.logentry",
    "pk": 45,
    "fields": {
      "action_time": "2022-11-27T22:12:05.445Z",
      "user": 17,
      "content_type": 8,
      "object_id": "134",
      "object_repr": "MARATONA PERIFERIA CORSA (I)",
      "action_flag": 1,
      "change_message": "[{\"added\": {}}]"
    }
  },
  {
    "model": "admin.logentry",
    "pk": 46,
    "fields": {
      "action_time": "2022-11-27T22:15:30.760Z",
      "user": 17,
      "content_type": 13,
      "object_id": "145",
      "object_repr": "145_none",
      "action_flag": 1,
      "change_message": "[{\"added\": {}}]"
    }
  },
  {
    "model": "admin.logentry",
    "pk": 47,
    "fields": {
      "action_time": "2022-11-27T22:16:37.061Z",
      "user": 17,
      "content_type": 13,
      "object_id": "146",
      "object_repr": "146_none",
      "action_flag": 1,
      "change_message": "[{\"added\": {}}]"
    }
  },
  {
    "model": "admin.logentry",
    "pk": 48,
    "fields": {
      "action_time": "2022-11-27T22:17:08.489Z",
      "user": 17,
      "content_type": 8,
      "object_id": "135",
      "object_repr": "Punta Tresino from Agropoli to",
      "action_flag": 1,
      "change_message": "[{\"added\": {}}]"
    }
  },
  {
    "model": "admin.logentry",
    "pk": 49,
    "fields": {
      "action_time": "2022-11-27T22:19:36.873Z",
      "user": 17,
      "content_type": 13,
      "object_id": "147",
      "object_repr": "147_none",
      "action_flag": 1,
      "change_message": "[{\"added\": {}}]"
    }
  },
  {
    "model": "admin.logentry",
    "pk": 50,
    "fields": {
      "action_time": "2022-11-27T22:21:14.878Z",
      "user": 17,
      "content_type": 13,
      "object_id": "148",
      "object_repr": "148_none",
      "action_flag": 1,
      "change_message": "[{\"added\": {}}]"
    }
  },
  {
    "model": "admin.logentry",
    "pk": 51,
    "fields": {
      "action_time": "2022-11-27T22:21:18.976Z",
      "user": 17,
      "content_type": 8,
      "object_id": "136",
      "object_repr": "Path of the Sirens",
      "action_flag": 1,
      "change_message": "[{\"added\": {}}]"
    }
  },
  {
    "model": "admin.logentry",
    "pk": 52,
    "fields": {
      "action_time": "2022-11-27T22:25:39.172Z",
      "user": 17,
      "content_type": 13,
      "object_id": "149",
      "object_repr": "149_none",
      "action_flag": 1,
      "change_message": "[{\"added\": {}}]"
    }
  },
  {
    "model": "admin.logentry",
    "pk": 53,
    "fields": {
      "action_time": "2022-11-27T22:27:10.292Z",
      "user": 17,
      "content_type": 13,
      "object_id": "150",
      "object_repr": "150_none",
      "action_flag": 1,
      "change_message": "[{\"added\": {}}]"
    }
  },
  {
    "model": "admin.logentry",
    "pk": 54,
    "fields": {
      "action_time": "2022-11-27T22:27:17.079Z",
      "user": 17,
      "content_type": 8,
      "object_id": "137",
      "object_repr": "Path of the Sirens - Extended",
      "action_flag": 1,
      "change_message": "[{\"added\": {}}]"
    }
  },
  {
    "model": "auth.permission",
    "pk": 1,
    "fields": {
      "name": "Can add log entry",
      "content_type": 1,
      "codename": "add_logentry"
    }
  },
  {
    "model": "auth.permission",
    "pk": 2,
    "fields": {
      "name": "Can change log entry",
      "content_type": 1,
      "codename": "change_logentry"
    }
  },
  {
    "model": "auth.permission",
    "pk": 3,
    "fields": {
      "name": "Can delete log entry",
      "content_type": 1,
      "codename": "delete_logentry"
    }
  },
  {
    "model": "auth.permission",
    "pk": 4,
    "fields": {
      "name": "Can view log entry",
      "content_type": 1,
      "codename": "view_logentry"
    }
  },
  {
    "model": "auth.permission",
    "pk": 5,
    "fields": {
      "name": "Can add permission",
      "content_type": 2,
      "codename": "add_permission"
    }
  },
  {
    "model": "auth.permission",
    "pk": 6,
    "fields": {
      "name": "Can change permission",
      "content_type": 2,
      "codename": "change_permission"
    }
  },
  {
    "model": "auth.permission",
    "pk": 7,
    "fields": {
      "name": "Can delete permission",
      "content_type": 2,
      "codename": "delete_permission"
    }
  },
  {
    "model": "auth.permission",
    "pk": 8,
    "fields": {
      "name": "Can view permission",
      "content_type": 2,
      "codename": "view_permission"
    }
  },
  {
    "model": "auth.permission",
    "pk": 9,
    "fields": {
      "name": "Can add group",
      "content_type": 3,
      "codename": "add_group"
    }
  },
  {
    "model": "auth.permission",
    "pk": 10,
    "fields": {
      "name": "Can change group",
      "content_type": 3,
      "codename": "change_group"
    }
  },
  {
    "model": "auth.permission",
    "pk": 11,
    "fields": {
      "name": "Can delete group",
      "content_type": 3,
      "codename": "delete_group"
    }
  },
  {
    "model": "auth.permission",
    "pk": 12,
    "fields": {
      "name": "Can view group",
      "content_type": 3,
      "codename": "view_group"
    }
  },
  {
    "model": "auth.permission",
    "pk": 13,
    "fields": {
      "name": "Can add content type",
      "content_type": 4,
      "codename": "add_contenttype"
    }
  },
  {
    "model": "auth.permission",
    "pk": 14,
    "fields": {
      "name": "Can change content type",
      "content_type": 4,
      "codename": "change_contenttype"
    }
  },
  {
    "model": "auth.permission",
    "pk": 15,
    "fields": {
      "name": "Can delete content type",
      "content_type": 4,
      "codename": "delete_contenttype"
    }
  },
  {
    "model": "auth.permission",
    "pk": 16,
    "fields": {
      "name": "Can view content type",
      "content_type": 4,
      "codename": "view_contenttype"
    }
  },
  {
    "model": "auth.permission",
    "pk": 17,
    "fields": {
      "name": "Can add session",
      "content_type": 5,
      "codename": "add_session"
    }
  },
  {
    "model": "auth.permission",
    "pk": 18,
    "fields": {
      "name": "Can change session",
      "content_type": 5,
      "codename": "change_session"
    }
  },
  {
    "model": "auth.permission",
    "pk": 19,
    "fields": {
      "name": "Can delete session",
      "content_type": 5,
      "codename": "delete_session"
    }
  },
  {
    "model": "auth.permission",
    "pk": 20,
    "fields": {
      "name": "Can view session",
      "content_type": 5,
      "codename": "view_session"
    }
  },
  {
    "model": "auth.permission",
    "pk": 21,
    "fields": {
      "name": "Can add user",
      "content_type": 6,
      "codename": "add_customuser"
    }
  },
  {
    "model": "auth.permission",
    "pk": 22,
    "fields": {
      "name": "Can change user",
      "content_type": 6,
      "codename": "change_customuser"
    }
  },
  {
    "model": "auth.permission",
    "pk": 23,
    "fields": {
      "name": "Can delete user",
      "content_type": 6,
      "codename": "delete_customuser"
    }
  },
  {
    "model": "auth.permission",
    "pk": 24,
    "fields": {
      "name": "Can view user",
      "content_type": 6,
      "codename": "view_customuser"
    }
  },
  {
    "model": "auth.permission",
    "pk": 25,
    "fields": {
      "name": "Can add facility",
      "content_type": 7,
      "codename": "add_facility"
    }
  },
  {
    "model": "auth.permission",
    "pk": 26,
    "fields": {
      "name": "Can change facility",
      "content_type": 7,
      "codename": "change_facility"
    }
  },
  {
    "model": "auth.permission",
    "pk": 27,
    "fields": {
      "name": "Can delete facility",
      "content_type": 7,
      "codename": "delete_facility"
    }
  },
  {
    "model": "auth.permission",
    "pk": 28,
    "fields": {
      "name": "Can view facility",
      "content_type": 7,
      "codename": "view_facility"
    }
  },
  {
    "model": "auth.permission",
    "pk": 29,
    "fields": {
      "name": "Can add hike",
      "content_type": 8,
      "codename": "add_hike"
    }
  },
  {
    "model": "auth.permission",
    "pk": 30,
    "fields": {
      "name": "Can change hike",
      "content_type": 8,
      "codename": "change_hike"
    }
  },
  {
    "model": "auth.permission",
    "pk": 31,
    "fields": {
      "name": "Can delete hike",
      "content_type": 8,
      "codename": "delete_hike"
    }
  },
  {
    "model": "auth.permission",
    "pk": 32,
    "fields": {
      "name": "Can view hike",
      "content_type": 8,
      "codename": "view_hike"
    }
  },
  {
    "model": "auth.permission",
    "pk": 33,
    "fields": {
      "name": "Can add hike reference point",
      "content_type": 9,
      "codename": "add_hikereferencepoint"
    }
  },
  {
    "model": "auth.permission",
    "pk": 34,
    "fields": {
      "name": "Can change hike reference point",
      "content_type": 9,
      "codename": "change_hikereferencepoint"
    }
  },
  {
    "model": "auth.permission",
    "pk": 35,
    "fields": {
      "name": "Can delete hike reference point",
      "content_type": 9,
      "codename": "delete_hikereferencepoint"
    }
  },
  {
    "model": "auth.permission",
    "pk": 36,
    "fields": {
      "name": "Can view hike reference point",
      "content_type": 9,
      "codename": "view_hikereferencepoint"
    }
  },
  {
    "model": "auth.permission",
    "pk": 37,
    "fields": {
      "name": "Can add hut",
      "content_type": 10,
      "codename": "add_hut"
    }
  },
  {
    "model": "auth.permission",
    "pk": 38,
    "fields": {
      "name": "Can change hut",
      "content_type": 10,
      "codename": "change_hut"
    }
  },
  {
    "model": "auth.permission",
    "pk": 39,
    "fields": {
      "name": "Can delete hut",
      "content_type": 10,
      "codename": "delete_hut"
    }
  },
  {
    "model": "auth.permission",
    "pk": 40,
    "fields": {
      "name": "Can view hut",
      "content_type": 10,
      "codename": "view_hut"
    }
  },
  {
    "model": "auth.permission",
    "pk": 41,
    "fields": {
      "name": "Can add hut facility",
      "content_type": 11,
      "codename": "add_hutfacility"
    }
  },
  {
    "model": "auth.permission",
    "pk": 42,
    "fields": {
      "name": "Can change hut facility",
      "content_type": 11,
      "codename": "change_hutfacility"
    }
  },
  {
    "model": "auth.permission",
    "pk": 43,
    "fields": {
      "name": "Can delete hut facility",
      "content_type": 11,
      "codename": "delete_hutfacility"
    }
  },
  {
    "model": "auth.permission",
    "pk": 44,
    "fields": {
      "name": "Can view hut facility",
      "content_type": 11,
      "codename": "view_hutfacility"
    }
  },
  {
    "model": "auth.permission",
    "pk": 45,
    "fields": {
      "name": "Can add parking lot",
      "content_type": 12,
      "codename": "add_parkinglot"
    }
  },
  {
    "model": "auth.permission",
    "pk": 46,
    "fields": {
      "name": "Can change parking lot",
      "content_type": 12,
      "codename": "change_parkinglot"
    }
  },
  {
    "model": "auth.permission",
    "pk": 47,
    "fields": {
      "name": "Can delete parking lot",
      "content_type": 12,
      "codename": "delete_parkinglot"
    }
  },
  {
    "model": "auth.permission",
    "pk": 48,
    "fields": {
      "name": "Can view parking lot",
      "content_type": 12,
      "codename": "view_parkinglot"
    }
  },
  {
    "model": "auth.permission",
    "pk": 49,
    "fields": {
      "name": "Can add point",
      "content_type": 13,
      "codename": "add_point"
    }
  },
  {
    "model": "auth.permission",
    "pk": 50,
    "fields": {
      "name": "Can change point",
      "content_type": 13,
      "codename": "change_point"
    }
  },
  {
    "model": "auth.permission",
    "pk": 51,
    "fields": {
      "name": "Can delete point",
      "content_type": 13,
      "codename": "delete_point"
    }
  },
  {
    "model": "auth.permission",
    "pk": 52,
    "fields": {
      "name": "Can view point",
      "content_type": 13,
      "codename": "view_point"
    }
  },
  {
    "model": "auth.permission",
    "pk": 53,
    "fields": {
      "name": "Can add auth token",
      "content_type": 14,
      "codename": "add_authtoken"
    }
  },
  {
    "model": "auth.permission",
    "pk": 54,
    "fields": {
      "name": "Can change auth token",
      "content_type": 14,
      "codename": "change_authtoken"
    }
  },
  {
    "model": "auth.permission",
    "pk": 55,
    "fields": {
      "name": "Can delete auth token",
      "content_type": 14,
      "codename": "delete_authtoken"
    }
  },
  {
    "model": "auth.permission",
    "pk": 56,
    "fields": {
      "name": "Can view auth token",
      "content_type": 14,
      "codename": "view_authtoken"
    }
  },
  {
    "model": "contenttypes.contenttype",
    "pk": 1,
    "fields": {
      "app_label": "admin",
      "model": "logentry"
    }
  },
  {
    "model": "contenttypes.contenttype",
    "pk": 2,
    "fields": {
      "app_label": "auth",
      "model": "permission"
    }
  },
  {
    "model": "contenttypes.contenttype",
    "pk": 3,
    "fields": {
      "app_label": "auth",
      "model": "group"
    }
  },
  {
    "model": "contenttypes.contenttype",
    "pk": 4,
    "fields": {
      "app_label": "contenttypes",
      "model": "contenttype"
    }
  },
  {
    "model": "contenttypes.contenttype",
    "pk": 5,
    "fields": {
      "app_label": "sessions",
      "model": "session"
    }
  },
  {
    "model": "contenttypes.contenttype",
    "pk": 6,
    "fields": {
      "app_label": "hiketracking",
      "model": "customuser"
    }
  },
  {
    "model": "contenttypes.contenttype",
    "pk": 7,
    "fields": {
      "app_label": "hiketracking",
      "model": "facility"
    }
  },
  {
    "model": "contenttypes.contenttype",
    "pk": 8,
    "fields": {
      "app_label": "hiketracking",
      "model": "hike"
    }
  },
  {
    "model": "contenttypes.contenttype",
    "pk": 9,
    "fields": {
      "app_label": "hiketracking",
      "model": "hikereferencepoint"
    }
  },
  {
    "model": "contenttypes.contenttype",
    "pk": 10,
    "fields": {
      "app_label": "hiketracking",
      "model": "hut"
    }
  },
  {
    "model": "contenttypes.contenttype",
    "pk": 11,
    "fields": {
      "app_label": "hiketracking",
      "model": "hutfacility"
    }
  },
  {
    "model": "contenttypes.contenttype",
    "pk": 12,
    "fields": {
      "app_label": "hiketracking",
      "model": "parkinglot"
    }
  },
  {
    "model": "contenttypes.contenttype",
    "pk": 13,
    "fields": {
      "app_label": "hiketracking",
      "model": "point"
    }
  },
  {
    "model": "contenttypes.contenttype",
    "pk": 14,
    "fields": {
      "app_label": "knox",
      "model": "authtoken"
    }
  },
  {
    "model": "sessions.session",
    "pk": "kwm3b2i61okike6en5hgtwaape37i7r4",
    "fields": {
      "session_data": ".eJxVjEEOwiAQRe_C2pCZgUhx6d4zkIEBqRqalHbVeHdt0oVu_3vvbyrwutSw9jyHUdRFkTr9bpHTM7cdyIPbfdJpass8Rr0r-qBd3ybJr-vh_h1U7vVbO_FERsDZknxxNADRuYgzLhtg7yVHQMyYorUoLJGFwCGC9wMaZPX-ANLJN10:1oz3Wk:OoTe3yh6WXYXlE3VJkCcRrJLQg1EPH7rrs2iLP-FfVs",
      "expire_date": "2022-12-10T22:20:02.527Z"
    }
  },
  {
    "model": "sessions.session",
    "pk": "ur0l02uv6ofpkks9tzv695qrqut9tiie",
    "fields": {
      "session_data": ".eJxVjEEOwiAQRe_C2pCZgUhx6d4zkIEBqRqalHbVeHdt0oVu_3vvbyrwutSw9jyHUdRFkTr9bpHTM7cdyIPbfdJpass8Rr0r-qBd3ybJr-vh_h1U7vVbO_FERsDZknxxNADRuYgzLhtg7yVHQMyYorUoLJGFwCGC9wMaZPX-ANLJN10:1oxT0K:Q-zXil5OfMF4sydomVa-g8bJSUKuP7vvvwmIcSsCjNQ",
      "expire_date": "2022-12-06T13:08:00.636Z"
    }
  },
  {
    "model": "sessions.session",
    "pk": "znmp82jykupycysl4hr40tbhw5jc4p2z",
    "fields": {
      "session_data": ".eJxVjDsOwyAQRO9CHSG-BqdM7zOgXViCkwgkY1dR7h5bcpF0o3lv5s0CbGsJW6clzIldmXTs8lsixCfVg6QH1HvjsdV1mZEfCj9p51NL9Lqd7t9BgV72NTqyo5CSootGo9zzoJ20JAxlSyOSyKSyVlagSgk8IhltTTTeehiIfb4D6zgv:1ozOx3:zlpUZDyV6iQtB-wVd0ffIeAPeWjtfLC8_KfFP17Ut7I",
      "expire_date": "2022-12-11T21:12:37.475Z"
    }
  },
  {
    "model": "hiketracking.customuser",
    "pk": 1,
    "fields": {
      "password": "pbkdf2_sha256$390000$tp5Q3aUxKCKdBoDQyTl1uE$hc+05eIs5g7Bgzwl+xSm9NTcBiVq7fI6+45tjYpeeqo=",
      "last_login": null,
      "is_superuser": false,
      "first_name": "",
      "last_name": "",
      "email": "g@mail.com",
      "role": "localguide",
      "is_staff": false,
      "is_active": true,
      "date_joined": "2022-11-27T21:12:55.833Z",
      "groups": [],
      "user_permissions": []
    }
  },
  {
    "model": "hiketracking.customuser",
    "pk": 2,
    "fields": {
      "password": "pbkdf2_sha256$390000$tp5Q3aUxKCKdBoDQyTl1uE$hc+05eIs5g7Bgzwl+xSm9NTcBiVq7fI6+45tjYpeeqo=",
      "last_login": null,
      "is_superuser": false,
      "first_name": "",
      "last_name": "",
      "email": "h@mail.com",
      "role": "hiker",
      "is_staff": false,
      "is_active": true,
      "date_joined": "2022-11-27T21:12:55.837Z",
      "groups": [],
      "user_permissions": []
    }
  },
  {
    "model": "hiketracking.customuser",
    "pk": 17,
    "fields": {
      "password": "pbkdf2_sha256$390000$ifjGdP7ueT3cwTeELvt4o2$/Nbc27DWB9RHQ26phdc4E2KmZe7lzv4WfpdiAyU4woQ=",
      "last_login": "2022-11-27T21:12:37.471Z",
      "is_superuser": true,
      "first_name": "",
      "last_name": "",
      "email": "md@gmail.com",
      "role": "admin",
      "is_staff": true,
      "is_active": true,
      "date_joined": "2022-11-27T21:12:26.669Z",
      "groups": [],
      "user_permissions": []
    }
  },
  {
    "model": "hiketracking.point",
    "pk": 1,
    "fields": {
      "latitude": 45.177786,
      "longitude": 7.083372,
      "province": "Torino",
      "village": "Mompantero",
      "address": "Rifugio La Riposa",
      "type": ""
    }
  },
  {
    "model": "hiketracking.point",
    "pk": 2,
    "fields": {
      "latitude": 45.203531,
      "longitude": 7.07734,
      "province": "Torino",
      "village": "Mompantero",
      "address": "Rocciamelone",
      "type": ""
    }
  },
  {
    "model": "hiketracking.point",
    "pk": 3,
    "fields": {
      "latitude": 44.88604,
      "longitude": 6.847677,
      "province": "Torino",
      "village": "Cesana torinese",
      "address": "10054 Cesana torinese TO",
      "type": ""
    }
  },
  {
    "model": "hiketracking.point",
    "pk": 4,
    "fields": {
      "latitude": 44.886133,
      "longitude": 6.847552,
      "province": "Torino",
      "village": "Cesana torinese",
      "address": "10054 Cesana torinese TO",
      "type": ""
    }
  },
  {
    "model": "hiketracking.point",
    "pk": 7,
    "fields": {
      "latitude": 45.089292,
      "longitude": 6.675187,
      "province": "Torino",
      "village": "Bardonecchia",
      "address": "Grange della Rho",
      "type": ""
    }
  },
  {
    "model": "hiketracking.point",
    "pk": 8,
    "fields": {
      "latitude": 45.089308,
      "longitude": 6.675215,
      "province": "Torino",
      "village": "Bardonecchia",
      "address": "Punta Nera",
      "type": ""
    }
  },
  {
    "model": "hiketracking.point",
    "pk": 9,
    "fields": {
      "latitude": 44.938467,
      "longitude": 6.749585,
      "province": "Torino",
      "village": "Claviere",
      "address": "Claviere (Torino)",
      "type": ""
    }
  },
  {
    "model": "hiketracking.point",
    "pk": 10,
    "fields": {
      "latitude": 44.9,
      "longitude": 6.76687,
      "province": "Torino",
      "village": "Claviere",
      "address": "Lago dei Sette Colori (Lago Gignoux)",
      "type": ""
    }
  },
  {
    "model": "hiketracking.point",
    "pk": 11,
    "fields": {
      "latitude": 44.9941,
      "longitude": 7.455977,
      "province": "Torino",
      "village": "Piossasco",
      "address": "Ca’ Dorina – Piossasco (TO) ",
      "type": ""
    }
  },
  {
    "model": "hiketracking.point",
    "pk": 12,
    "fields": {
      "latitude": 45.021651,
      "longitude": 7.42173,
      "province": "Torino",
      "village": "Trana",
      "address": "Monte Pietraborga",
      "type": ""
    }
  },
  {
    "model": "hiketracking.point",
    "pk": 13,
    "fields": {
      "latitude": 44.597277296707034,
      "longitude": 7.202730746939778,
      "province": "Cuneo",
      "village": "Becetto",
      "address": "Borgata Ruà – Becetto (CN)",
      "type": ""
    }
  },
  {
    "model": "hiketracking.point",
    "pk": 14,
    "fields": {
      "latitude": 44.597145952284336,
      "longitude": 7.202682048082352,
      "province": "Cuneo",
      "village": "Paesana",
      "address": "Testa di Garitta Nuova",
      "type": ""
    }
  },
  {
    "model": "hiketracking.point",
    "pk": 15,
    "fields": {
      "latitude": 44.596613,
      "longitude": 7.201825,
      "province": "Cuneo",
      "village": "Becetto",
      "address": "Borgata Ruà – Becetto (CN)",
      "type": ""
    }
  },
  {
    "model": "hiketracking.point",
    "pk": 16,
    "fields": {
      "latitude": 44.615185,
      "longitude": 7.177367,
      "province": "Cuneo",
      "village": "Sampeyre",
      "address": "Cima di Crosa",
      "type": ""
    }
  },
  {
    "model": "hiketracking.point",
    "pk": 17,
    "fields": {
      "latitude": 44.59706758148968,
      "longitude": 7.202494293451309,
      "province": "Cuneo",
      "village": "Becetto",
      "address": "Becetto (CN)",
      "type": ""
    }
  },
  {
    "model": "hiketracking.point",
    "pk": 18,
    "fields": {
      "latitude": 44.6216659527272,
      "longitude": 7.200692351907492,
      "province": "Cuneo",
      "village": "Paesana",
      "address": "Monte Riba del Gias",
      "type": ""
    }
  },
  {
    "model": "hiketracking.point",
    "pk": 19,
    "fields": {
      "latitude": 44.57619898952544,
      "longitude": 7.180788516998291,
      "province": "Cuneo",
      "village": "Sampeyre",
      "address": "Sampeyre (CN)",
      "type": ""
    }
  },
  {
    "model": "hiketracking.point",
    "pk": 20,
    "fields": {
      "latitude": 44.700645,
      "longitude": 7.117767,
      "province": "Cuneo",
      "village": "Crissolo",
      "address": "Pian della Regina – Crissolo (CN)",
      "type": ""
    }
  },
  {
    "model": "hiketracking.point",
    "pk": 21,
    "fields": {
      "latitude": 44.700759,
      "longitude": 7.117535,
      "province": "Cuneo",
      "village": "Crissolo",
      "address": "Laghi del Monviso",
      "type": ""
    }
  },
  {
    "model": "hiketracking.point",
    "pk": 22,
    "fields": {
      "latitude": 45.95614,
      "longitude": 9.1502,
      "province": "Como",
      "village": "Colonno",
      "address": "Via Luigi Civetta",
      "type": ""
    }
  },
  {
    "model": "hiketracking.point",
    "pk": 23,
    "fields": {
      "latitude": 45.99601,
      "longitude": 9.23868,
      "province": "Como",
      "village": "Griante",
      "address": "Villa Margherita Ricordi",
      "type": ""
    }
  },
  {
    "model": "hiketracking.point",
    "pk": 24,
    "fields": {
      "latitude": 40.63111,
      "longitude": 14.53658,
      "province": "Napoli",
      "village": "Bomerano",
      "address": "Bomerano Pianillo (NA)",
      "type": ""
    }
  },
  {
    "model": "hiketracking.point",
    "pk": 25,
    "fields": {
      "latitude": 40.62984,
      "longitude": 14.50302,
      "province": "Salerno",
      "village": "Nocelle",
      "address": "Nocelle (SA)",
      "type": ""
    }
  },
  {
    "model": "hiketracking.point",
    "pk": 26,
    "fields": {
      "latitude": 44.14562,
      "longitude": 9.65342,
      "province": "La Spezia",
      "village": "Monteresso",
      "address": "Monteresso (SP)",
      "type": ""
    }
  },
  {
    "model": "hiketracking.point",
    "pk": 27,
    "fields": {
      "latitude": 44.13863,
      "longitude": 9.67826,
      "province": "La Spezia",
      "village": "Vernazza",
      "address": "Vernazza (SP)",
      "type": ""
    }
  },
  {
    "model": "hiketracking.point",
    "pk": 101,
    "fields": {
      "latitude": 38.1244982,
      "longitude": 12.7880075,
      "province": "Trapani",
      "village": "San Vito Lo Capo",
      "address": "Riserva dello zingaro ingresso nord",
      "type": ""
    }
  },
  {
    "model": "hiketracking.point",
    "pk": 102,
    "fields": {
      "latitude": 38.0817236,
      "longitude": 12.8084234,
      "province": "Trapani",
      "village": "Castellammare del golfo",
      "address": "Riserva dello zingaro",
      "type": ""
    }
  },
  {
    "model": "hiketracking.point",
    "pk": 103,
    "fields": {
      "latitude": 46.030789,
      "longitude": 10.000777,
      "province": "Bergamo",
      "village": "Bergamo",
      "address": "Via Casa Corti 3",
      "type": ""
    }
  },
  {
    "model": "hiketracking.point",
    "pk": 104,
    "fields": {
      "latitude": 37.987578,
      "longitude": 12.750318,
      "province": "Trapani",
      "village": "Buseto palizzolo",
      "address": "Ingresso Bosco Scorace",
      "type": ""
    }
  },
  {
    "model": "hiketracking.point",
    "pk": 105,
    "fields": {
      "latitude": 37.988726,
      "longitude": 12.781462,
      "province": "Trapani",
      "village": "Buseto palizzolo",
      "address": "Punta del monte Scorace",
      "type": ""
    }
  },
  {
    "model": "hiketracking.point",
    "pk": 106,
    "fields": {
      "latitude": 45.85661,
      "longitude": 7.81332,
      "province": "Aosta",
      "village": "Gressoney",
      "address": "Loc. Tschaval",
      "type": ""
    }
  },
  {
    "model": "hiketracking.point",
    "pk": 107,
    "fields": {
      "latitude": 38.07196,
      "longitude": 12.754372,
      "province": "Trapani",
      "village": "Custonaci",
      "address": "Purgatorio",
      "type": ""
    }
  },
  {
    "model": "hiketracking.point",
    "pk": 108,
    "fields": {
      "latitude": 38.055408,
      "longitude": 12.775705,
      "province": "Trapani",
      "village": "Custonaci",
      "address": "Punta del monte Sparagio",
      "type": ""
    }
  },
  {
    "model": "hiketracking.point",
    "pk": 110,
    "fields": {
      "latitude": 38.028741,
      "longitude": 12.601088,
      "province": "Trapani",
      "village": "Erice",
      "address": "Casa Santa Erice",
      "type": ""
    }
  },
  {
    "model": "hiketracking.point",
    "pk": 111,
    "fields": {
      "latitude": 38.035817,
      "longitude": 12.591268,
      "province": "Trapani",
      "village": "Erice",
      "address": "Torretta Pepoli",
      "type": ""
    }
  },
  {
    "model": "hiketracking.point",
    "pk": 113,
    "fields": {
      "latitude": 38.096874,
      "longitude": 12.66306,
      "province": "Trapani",
      "village": "Custonaci",
      "address": "Cornino",
      "type": ""
    }
  },
  {
    "model": "hiketracking.point",
    "pk": 114,
    "fields": {
      "latitude": 38.105637,
      "longitude": 12.669372,
      "province": "Trapani",
      "village": "Custonaci",
      "address": "Punta Cofano",
      "type": ""
    }
  },
  {
    "model": "hiketracking.point",
    "pk": 116,
    "fields": {
      "latitude": 45.740927,
      "longitude": 10.795999,
      "province": "Verona",
      "village": "Cassone",
      "address": "Via Gardesana",
      "type": ""
    }
  },
  {
    "model": "hiketracking.point",
    "pk": 117,
    "fields": {
      "latitude": 45.779783,
      "longitude": 10.81679,
      "province": "Verona",
      "village": "Malcesine",
      "address": "Via Gardesana orientale",
      "type": ""
    }
  },
  {
    "model": "hiketracking.point",
    "pk": 119,
    "fields": {
      "latitude": 38.001995,
      "longitude": 13.089526,
      "province": "Palermo",
      "village": "Partinico",
      "address": "Lago Poma Nord",
      "type": ""
    }
  },
  {
    "model": "hiketracking.point",
    "pk": 120,
    "fields": {
      "latitude": 37.973715,
      "longitude": 13.120139,
      "province": "Palermo",
      "village": "Partinico",
      "address": "Lago Poma sud-est",
      "type": ""
    }
  },
  {
    "model": "hiketracking.point",
    "pk": 122,
    "fields": {
      "latitude": 37.935226,
      "longitude": 12.272521,
      "province": "Trapani",
      "village": "Favignana",
      "address": "Faro di punta sottile",
      "type": ""
    }
  },
  {
    "model": "hiketracking.point",
    "pk": 123,
    "fields": {
      "latitude": 37.9071,
      "longitude": 12.365328,
      "province": "Trapani",
      "village": "Favignana",
      "address": "Faro di punta Marsala",
      "type": ""
    }
  },
  {
    "model": "hiketracking.point",
    "pk": 125,
    "fields": {
      "latitude": 37.655399,
      "longitude": 14.983877,
      "province": "Catania",
      "village": "Belpasso",
      "address": "Monte di San Leo",
      "type": ""
    }
  },
  {
    "model": "hiketracking.point",
    "pk": 126,
    "fields": {
      "latitude": 37.749308,
      "longitude": 14.995278,
      "province": "Catania",
      "village": "Catania",
      "address": "Monte Etna",
      "type": ""
    }
  },
  {
    "model": "hiketracking.point",
    "pk": 128,
    "fields": {
      "latitude": 37.69954,
      "longitude": 13.142291,
      "province": "Palermo",
      "village": "Contessa Entellina",
      "address": "Parco dei Sicani ingresso Ovest",
      "type": ""
    }
  },
  {
    "model": "hiketracking.point",
    "pk": 129,
    "fields": {
      "latitude": 37.689523,
      "longitude": 13.174764,
      "province": "Palermo",
      "village": "Contessa Entellina",
      "address": "Monte San Genuardo",
      "type": ""
    }
  },
  {
    "model": "hiketracking.point",
    "pk": 131,
    "fields": {
      "latitude": 40.85638,
      "longitude": 17.122925,
      "province": "Apulia",
      "village": "Putignano",
      "address": "Via Vincenzo Petruzzi 107, 70017 Putignano",
      "type": "none"
    }
  },
  {
    "model": "hiketracking.point",
    "pk": 132,
    "fields": {
      "latitude": 40.786604,
      "longitude": 17.241783,
      "province": "Bari",
      "village": "Alberobello",
      "address": "Via Margherita 45, 70011 Alberobello",
      "type": "none"
    }
  },
  {
    "model": "hiketracking.point",
    "pk": 133,
    "fields": {
      "latitude": 40.530318,
      "longitude": 17.430459,
      "province": "Taranto,",
      "village": "Grottaglie",
      "address": "Via Leone XIII 9, 74023 Grottaglie",
      "type": "none"
    }
  },
  {
    "model": "hiketracking.point",
    "pk": 134,
    "fields": {
      "latitude": 40.472191,
      "longitude": 17.237648,
      "province": "Trento",
      "village": "Taranto",
      "address": "Via Niccolò Tommaso D'Aquino 42, 74123 Taranto",
      "type": "none"
    }
  },
  {
    "model": "hiketracking.point",
    "pk": 135,
    "fields": {
      "latitude": 40.472204,
      "longitude": 17.237745,
      "province": "Trento",
      "village": "trento",
      "address": "Via Niccolò Tommaso D'Aquino 44, 74123 Taranto Taranto Italia",
      "type": "none"
    }
  },
  {
    "model": "hiketracking.point",
    "pk": 136,
    "fields": {
      "latitude": 40.581585,
      "longitude": 17.113218,
      "province": "Apulia",
      "village": "Taranto",
      "address": "Ferrovie Sudest, Strada Statale 7 Via Appia, Massafra, Taranto, Apulia, 74016, Italy",
      "type": "none"
    }
  },
  {
    "model": "hiketracking.point",
    "pk": 137,
    "fields": {
      "latitude": 40.472825,
      "longitude": 17.237708,
      "province": "Apulia",
      "village": "Taranto",
      "address": "Ferrovie Sudest, Strada Statale 7 Via Appia, Massafra, Taranto, Apulia, 74016, Italy",
      "type": "none"
    }
  },
  {
    "model": "hiketracking.point",
    "pk": 138,
    "fields": {
      "latitude": 40.472957,
      "longitude": 17.237864,
      "province": "Apulia",
      "village": "Taranto",
      "address": "Chiesa di San Pasquale Bailon, 37, Corso Umberto primo, Taranto, Apulia, 74123, Italy",
      "type": "none"
    }
  },
  {
    "model": "hiketracking.point",
    "pk": 139,
    "fields": {
      "latitude": 40.417626,
      "longitude": 17.216878,
      "province": "Apulia",
      "village": "Taranto",
      "address": "Via Latterini, San Vito, Taranto, Apulia, 74122, Italy",
      "type": "none"
    }
  },
  {
    "model": "hiketracking.point",
    "pk": 140,
    "fields": {
      "latitude": 40.417493,
      "longitude": 17.216862,
      "province": "Apulia",
      "village": "Taranto",
      "address": "Via Latterini, San Vito, Taranto, Apulia, 74122, Italy",
      "type": "none"
    }
  },
  {
    "model": "hiketracking.point",
    "pk": 141,
    "fields": {
      "latitude": 40.408507,
      "longitude": 17.240423,
      "province": "Apulia",
      "village": "Taranto",
      "address": "Via Latterini, San Vito, Taranto, Apulia, 74122, Italy",
      "type": "none"
    }
  },
  {
    "model": "hiketracking.point",
    "pk": 142,
    "fields": {
      "latitude": 40.408589,
      "longitude": 17.240701,
      "province": "Apulia",
      "village": "Taranto",
      "address": "Bar Melucci, Via Sciabelle, Lama, Taranto, Apulia, 74122, Italy",
      "type": "none"
    }
  },
  {
    "model": "hiketracking.point",
    "pk": 143,
    "fields": {
      "latitude": 40.403123,
      "longitude": 17.264042,
      "province": "Apulia",
      "village": "Taranto",
      "address": "Capolinea autobus \"Pezzavilla\", Talsano, Taranto, Apulia, 74122, Italy",
      "type": "none"
    }
  },
  {
    "model": "hiketracking.point",
    "pk": 144,
    "fields": {
      "latitude": 40.402498,
      "longitude": 17.264316,
      "province": "Apulia",
      "village": "Taranto",
      "address": "Via Carlo Magno, Talsano, Taranto, Apulia, 74122, Italy",
      "type": "none"
    }
  },
  {
    "model": "hiketracking.point",
    "pk": 145,
    "fields": {
      "latitude": 40.35113,
      "longitude": 15.001618,
      "province": "Campania",
      "village": "Salerno",
      "address": "Parcheggio, Agropoli, Salerno, Campania, 84043, Italy",
      "type": "none"
    }
  },
  {
    "model": "hiketracking.point",
    "pk": 146,
    "fields": {
      "latitude": 40.284635,
      "longitude": 14.946704,
      "province": "Campania",
      "village": "Salerno",
      "address": "PerBacco, via Flavio Gioia, Santa Maria di Castellabate, Castellabate, Salerno, Campania, 84048, Ita",
      "type": "none"
    }
  },
  {
    "model": "hiketracking.point",
    "pk": 147,
    "fields": {
      "latitude": 40.284887,
      "longitude": 14.94611,
      "province": "Campania",
      "village": "Salerno",
      "address": "Santa Maria di Castellabate, Castellabate, Salerno, Campania, 84048, Italy",
      "type": "none"
    }
  },
  {
    "model": "hiketracking.point",
    "pk": 148,
    "fields": {
      "latitude": 40.284837,
      "longitude": 14.945685,
      "province": "Campania",
      "village": "Salerno",
      "address": "Santa Maria di Castellabate, Castellabate, Salerno, Campania, 84048, Italy",
      "type": "none"
    }
  },
  {
    "model": "hiketracking.point",
    "pk": 149,
    "fields": {
      "latitude": 40.284888,
      "longitude": 14.94611,
      "province": "Campania",
      "village": "Salerno",
      "address": "Santa Maria di Castellabate, Castellabate, Salerno, Campania, 84048, Italy",
      "type": "none"
    }
  },
  {
    "model": "hiketracking.point",
    "pk": 150,
    "fields": {
      "latitude": 40.284838,
      "longitude": 14.945685,
      "province": "Campania",
      "village": "Salerno",
      "address": "Santa Maria di Castellabate, Castellabate, Salerno, Campania, 84048, Italy",
      "type": "none"
    }
  },
  {
    "model": "hiketracking.hike",
    "pk": 1,
    "fields": {
      "title": "Sentiero per il ROCCIAMELONE",
      "length": 9,
      "expected_time": 240,
      "ascent": 3538,
      "difficulty": "Pro Hiker",
      "description": "Un percorso conosciutissimo, molto amato da Valsusini e non solo. È lungo e impegnativo per via del dislivello, ma segnalato benissimo e soprattutto con un punto di appoggio a metà strada circa (Il Rifugio gestito Ca’ d’Asti)",
      "track_file": "tracks/rocciamelone.gpx",
      "start_point": 1,
      "end_point": 2,
      "local_guide": 1
    }
  },
  {
    "model": "hiketracking.hike",
    "pk": 2,
    "fields": {
      "title": "Sentiero per il ROC DEL BOUCHER",
      "length": 12,
      "expected_time": 180,
      "ascent": 3285,
      "difficulty": "Pro Hiker",
      "description": "Questa escursione non è consigliata per i neofiti della montagna, per i principianti e per chi non ha un buon livello di allenamento: infatti oltre ad un dislivello abbastanza marcato anche la mancanza di una traccia ben segnalata ed evidente complica non di poco la progressione. È inoltre richiesta una certa abitudine e tranquillità a percorrere tratti esposti.",
      "track_file": "tracks/Roc del Boucher.gpx",
      "start_point": 3,
      "end_point": 4,
      "local_guide": 1
    }
  },
  {
    "model": "hiketracking.hike",
    "pk": 3,
    "fields": {
      "title": "Sentiero per PUNTA NERA",
      "length": 18,
      "expected_time": 150,
      "ascent": 3047,
      "difficulty": "Pro Hiker",
      "description": "Percorso circolare che va a toccare il cuore del Gruppo Sorapiss. Tutto il settore sud est rimane purtroppo sconosciuto, poiché coperto dalle muraglie possenti del Fopà di Mattia e della Punta di Sorapiss, ma si ha modo di memorizzare tutta la fetta di territorio che va dal Passo Tre Croci alle pendici della Punta Nera. Nel complesso lungo e faticoso, consigliato a chi ha le gambe buone e sa trovare gli stimoli necessari. Sarà compensato da un ambiente sempre vario e comunque attraente. Dolce quando si rimontano le gobbe prative che avvicinano Forcella Faloria, severo lo scavalcamento della Sella di Punta Nera, impressionante la discesa sotto gli strapiombi (nel vero senso della parola) della Torre Pupa, lunare tra le pietraie che accompagnano al delizioso Lago di Sorapiss e sereno il rientro al Passo, sopra la Val Ansiei. L’ascesa alla Punta Nera, facoltativa, è la ciliegina sulla torta. Si domina la conca di Cortina, si ammirano le sue montagne tranne i tormentati e continui smantellamenti sul Faloria.",
      "track_file": "tracks/Punta Nera e Colle della Rho.gpx",
      "start_point": 7,
      "end_point": 8,
      "local_guide": 1
    }
  },
  {
    "model": "hiketracking.hike",
    "pk": 5,
    "fields": {
      "title": "Sentiero per il LAGO DEI SETTE COLORI",
      "length": 21,
      "expected_time": 180,
      "ascent": 2329,
      "difficulty": "Tourist",
      "description": "La passeggiata proposta è semplice. Il percorso è caratterizzato da un primo tratto in salita e successivamente da saliscendi che si distendono su ampi tratti prativi. Risulta comunque indicato a famiglie con bambini in età scolare. La partenza dal rifugio Capanna Mautino consente di avere un punto di ristoro e l’arrivo al Lago è indicato per pic-nic.",
      "track_file": "tracks/Lago dei 7 colori (lago gignoux).gpx",
      "start_point": 7,
      "end_point": 8,
      "local_guide": 1
    }
  },
  {
    "model": "hiketracking.hike",
    "pk": 6,
    "fields": {
      "title": "Sentiero per il MONTE PIETRABORGA da PIOSSASCO",
      "length": 15,
      "expected_time": 120,
      "ascent": 926,
      "difficulty": "Tourist",
      "description": "Il sentiero è molto facile e frequentato, ma occorre una sufficiente capacità di orientamento, in quanto presenta diverse diramazioni.",
      "track_file": "tracks/pietraborga da piossasco.gpx",
      "start_point": 11,
      "end_point": 12,
      "local_guide": 1
    }
  },
  {
    "model": "hiketracking.hike",
    "pk": 7,
    "fields": {
      "title": "Sentiero per TESTA DI GARITTA NUOVA da BORGATA RUÀ",
      "length": 18,
      "expected_time": 240,
      "ascent": 2385,
      "difficulty": "Hiker",
      "description": "Dalla vetta, nelle giornate con il cielo terso, la vista sul Monviso è una delle più suggestive di tutta la Valle Varaita essendo proprio sul confine con la Valle Po.",
      "track_file": "tracks/Testa di Garitta Nuova da Borgata Rua.gpx",
      "start_point": 13,
      "end_point": 14,
      "local_guide": 1
    }
  },
  {
    "model": "hiketracking.hike",
    "pk": 8,
    "fields": {
      "title": "Sentiero per la CIMA DI CROSA",
      "length": 11,
      "expected_time": 240,
      "ascent": 2536,
      "difficulty": "Hiker",
      "description": "– Come accennato, io ho trovato alcuni pezzi con la neve, che rendevano un po’ difficoltoso individuare il    sentiero, con tratti anche scivolosi. Non ho avuto la necessità di ricorrere a nessun tipo di sostegno, anche nel traverso verticale sulla neve. In assenza di neve, il sentiero, come già detto, è visibilissimo. ",
      "track_file": "tracks/Borgata Rua-Cima di Crosa.gpx",
      "start_point": 15,
      "end_point": 16,
      "local_guide": 1
    }
  },
  {
    "model": "hiketracking.hike",
    "pk": 9,
    "fields": {
      "title": "Sentiero per MONTE RIBA DEL GIAS",
      "length": 8,
      "expected_time": 300,
      "ascent": 2381,
      "difficulty": "Tourist",
      "description": "Dall’ometto di pietra possiamo vedere chiaramente tutta la cresta che separa Valle Varaita dalla Valle Po e spostando lo sguardo a desta del colle Cervetto vediamo chiaramente Riba del Gias, riconoscibile come la punta più elevata della cresta.",
      "track_file": "tracks/Monte Riba del Gias da Becetto(Rua).gpx",
      "start_point": 17,
      "end_point": 18,
      "local_guide": 1
    }
  },
  {
    "model": "hiketracking.hike",
    "pk": 10,
    "fields": {
      "title": "Sentiero per il RIFUGIO MEIRA GARNERI da SAMPEYRE",
      "length": 8,
      "expected_time": 120,
      "ascent": 1850,
      "difficulty": "Hiker",
      "description": "Questo itinerario è molto molto suggestivo da percorrere nelle notti di luna piena dove, previa prenotazione, è possibile cenare al rifugio.",
      "track_file": "tracks/Rifugio Meira Garneri da Sampeyre.gpx",
      "start_point": 19,
      "end_point": 20,
      "local_guide": 1
    }
  },
  {
    "model": "hiketracking.hike",
    "pk": 11,
    "fields": {
      "title": "Sentiero per i LAGHI DEL MONVISO",
      "length": 10,
      "expected_time": 150,
      "ascent": 2200,
      "difficulty": "Hiker",
      "description": "Il terreno è un poco scosceso in alcuni tratti e si presenta pietroso.",
      "track_file": "tracks/Pian della Regina - Laghi del Monviso.gpx",
      "start_point": 20,
      "end_point": 21,
      "local_guide": 1
    }
  },
  {
    "model": "hiketracking.hike",
    "pk": 12,
    "fields": {
      "title": "Greenway Del Lago Di Como",
      "length": 11,
      "expected_time": 210,
      "ascent": 276,
      "difficulty": "Tourist",
      "description": "Il terreno è pianeggiante. C'è una piccola salita e la pista non è molto sassosa.",
      "track_file": "tracks/GreenWay.gpx",
      "start_point": 22,
      "end_point": 23,
      "local_guide": 1
    }
  },
  {
    "model": "hiketracking.hike",
    "pk": 13,
    "fields": {
      "title": "Il Sentiero Degli Dei",
      "length": 7,
      "expected_time": 180,
      "ascent": -500,
      "difficulty": "Hiker",
      "description": "Il sentiero è roccioso e non è asfaltato. Presenta alcune salite, ma nel complesso è un'escursione in discesa. Non c'è una ringhiera protettiva, quindi non è consigliabile farlo con i bambini. Anche le persone con vertigini dovrebbero evitarlo.",
      "track_file": "tracks/Il-Sentiero-Degli-Dei.gpx",
      "start_point": 24,
      "end_point": 25,
      "local_guide": 1
    }
  },
  {
    "model": "hiketracking.hike",
    "pk": 14,
    "fields": {
      "title": "Sentiero Monterosso - Vernazza",
      "length": 3,
      "expected_time": 80,
      "ascent": 175,
      "difficulty": "Tourist",
      "description": "Il sentiero dal lato di Monterosso guadagna bruscamente quota, quindi dovrai salire 500 gradini, lastricati sull'antico sentiero.",
      "track_file": "tracks/SentieroMonterosso.gpx",
      "start_point": 26,
      "end_point": 27,
      "local_guide": 1
    }
  },
  {
    "model": "hiketracking.hike",
    "pk": 100,
    "fields": {
      "title": "Riserva dello zingaro",
      "length": 6,
      "expected_time": 81,
      "ascent": 148,
      "difficulty": "Hiker",
      "description": "Una stupenda escursione tra mare e vegetazione, l'unica difficoltà nell'affrontarla è la temperatura estiva",
      "track_file": "tracks/Riserva dello zingaro.gpx",
      "start_point": 101,
      "end_point": 102,
      "local_guide": 1
    }
  },
  {
    "model": "hiketracking.hike",
    "pk": 103,
    "fields": {
      "title": "Passeggiata per il bosco scorace",
      "length": 4,
      "expected_time": 80,
      "ascent": 320,
      "difficulty": "Hiker",
      "description": "Alla scoperta dei bosci e della campagna che circonda la natura incontaminata",
      "track_file": "tracks/Passeggiata per il bosco scorace.gpx",
      "start_point": 104,
      "end_point": 105,
      "local_guide": 1
    }
  },
  {
    "model": "hiketracking.hike",
    "pk": 106,
    "fields": {
      "title": "Monte Sparagio",
      "length": 7,
      "expected_time": 170,
      "ascent": 1090,
      "difficulty": "Hiker",
      "description": "Una scalata per ammirare al meglio il sole al tramonto che si spegne sul mare",
      "track_file": "tracks/Monte sparagio.gpx",
      "start_point": 107,
      "end_point": 108,
      "local_guide": 1
    }
  },
  {
    "model": "hiketracking.hike",
    "pk": 109,
    "fields": {
      "title": "Monte Erice e Torretta Pepoli",
      "length": 5,
      "expected_time": 130,
      "ascent": 1090,
      "difficulty": "Hiker",
      "description": "Una passeggiata alla scoperta del monte Erice e della torretta Pepoli",
      "track_file": "tracks/Monte erice e torretta pepoli.gpx",
      "start_point": 110,
      "end_point": 111,
      "local_guide": 1
    }
  },
  {
    "model": "hiketracking.hike",
    "pk": 112,
    "fields": {
      "title": "Monte Cofano",
      "length": 6,
      "expected_time": 155,
      "ascent": 610,
      "difficulty": "Hiker",
      "description": "Escursione sul monte Cofano guardando il mare",
      "track_file": "tracks/Monte cofano.gpx",
      "start_point": 113,
      "end_point": 114,
      "local_guide": 1
    }
  },
  {
    "model": "hiketracking.hike",
    "pk": 115,
    "fields": {
      "title": "Lago di Garda",
      "length": 5,
      "expected_time": 90,
      "ascent": 88,
      "difficulty": "Hiker",
      "description": "Escursione sul lago di Garda",
      "track_file": "tracks/Lago di garda.gpx",
      "start_point": 116,
      "end_point": 117,
      "local_guide": 1
    }
  },
  {
    "model": "hiketracking.hike",
    "pk": 118,
    "fields": {
      "title": "Lago Poma",
      "length": 5,
      "expected_time": 80,
      "ascent": 205,
      "difficulty": "Hiker",
      "description": "Escursione sul lago Poma",
      "track_file": "tracks/Lago poma.gpx",
      "start_point": 119,
      "end_point": 120,
      "local_guide": 1
    }
  },
  {
    "model": "hiketracking.hike",
    "pk": 121,
    "fields": {
      "title": "Favignana",
      "length": 16,
      "expected_time": 280,
      "ascent": 288,
      "difficulty": "Hiker",
      "description": "Visita dell'isola di favignana",
      "track_file": "tracks/Favignana.gpx",
      "start_point": 122,
      "end_point": 123,
      "local_guide": 1
    }
  },
  {
    "model": "hiketracking.hike",
    "pk": 124,
    "fields": {
      "title": "Sentiero per l'Etna",
      "length": 18,
      "expected_time": 445,
      "ascent": 2199,
      "difficulty": "Pro Hiker",
      "description": "Escursione sull'Etna",
      "track_file": "tracks/Etna.gpx",
      "start_point": 125,
      "end_point": 126,
      "local_guide": 1
    }
  },
  {
    "model": "hiketracking.hike",
    "pk": 127,
    "fields": {
      "title": "Parco dei Sicani",
      "length": 5,
      "expected_time": 115,
      "ascent": 1170,
      "difficulty": "Hiker",
      "description": "Parco dei Sicani",
      "track_file": "tracks/Parco dei Sicani.gpx",
      "start_point": 128,
      "end_point": 129,
      "local_guide": 1
    }
  },
  {
    "model": "hiketracking.hike",
    "pk": 128,
    "fields": {
      "title": "HPB Coreggia: Putigano to Alb",
      "length": 19,
      "expected_time": 286,
      "ascent": 195,
      "difficulty": "moderate",
      "description": "A long (approx 18.5km) linear walk which can be achieved with the help of the railway",
      "track_file": "tracks/t47994530_hpb_coreggia-.gpx",
      "start_point": 131,
      "end_point": 132,
      "local_guide": 1
    }
  },
  {
    "model": "hiketracking.hike",
    "pk": 129,
    "fields": {
      "title": "Appian Way Stage 04: Grottagli",
      "length": 25,
      "expected_time": 359,
      "ascent": 20,
      "difficulty": "moderate",
      "description": "cami caminho cammino chemin chemins compostela itineraire jacob jacobeo jacobi jacobs jacobsweg jacques james james’ jaume sant st ste saint san path route ruta via voie way of weg ]",
      "track_file": "tracks/t128823133_appian_way_stage_04-.gpx",
      "start_point": 133,
      "end_point": 134,
      "local_guide": 17
    }
  },
  {
    "model": "hiketracking.hike",
    "pk": 130,
    "fields": {
      "title": "Appian Way Stage 05: Taranto-M",
      "length": 22,
      "expected_time": 319,
      "ascent": 89,
      "difficulty": "moderate",
      "description": "cami caminho cammino chemin chemins compostela itineraire jacob jacobeo jacobi jacobs jacobsweg jacques james james’ jaume sant st ste saint san path route ruta via voie way of weg ]",
      "track_file": "tracks/t128823134_appian_way_stage_05-.gpx",
      "start_point": 135,
      "end_point": 136,
      "local_guide": 17
    }
  },
  {
    "model": "hiketracking.hike",
    "pk": 131,
    "fields": {
      "title": "Percorso, 07/feb/2020 17.53.04",
      "length": 6,
      "expected_time": 91,
      "ascent": 28,
      "difficulty": "moderate",
      "description": "\"MARATONA\" PERCORSO 1 CITTADINO MARATONA, PERCORSO CITTADINO MARK 1",
      "track_file": "tracks/t147231904_percorso-_07-feb-2020.gpx",
      "start_point": 137,
      "end_point": 138,
      "local_guide": 17
    }
  },
  {
    "model": "hiketracking.hike",
    "pk": 132,
    "fields": {
      "title": "MARATONA PER CHI CAMMINA (III)",
      "length": 5,
      "expected_time": 68,
      "ascent": 14,
      "difficulty": "moderate",
      "description": "MARATONA PER CHI CAMMINA (III) The Most Beautiful hikes in ItalyTravel Guide Map / Italy Italy › Apulia › Taranto › Taranto Similar routes nearby  These suggestions were created automatically. QUESTIO",
      "track_file": "tracks/t147231907_maratona_per_chi.gpx",
      "start_point": 139,
      "end_point": 140,
      "local_guide": 17
    }
  },
  {
    "model": "hiketracking.hike",
    "pk": 133,
    "fields": {
      "title": "maratona per chi cammina (IV)",
      "length": 5,
      "expected_time": 77,
      "ascent": 8,
      "difficulty": "moderate",
      "description": "maratona per chi cammina (IV)",
      "track_file": "tracks/t147231908_maratona_per_chi.gpx",
      "start_point": 141,
      "end_point": 142,
      "local_guide": 17
    }
  },
  {
    "model": "hiketracking.hike",
    "pk": 134,
    "fields": {
      "title": "MARATONA PERIFERIA CORSA (I)",
      "length": 11,
      "expected_time": 308,
      "ascent": 24,
      "difficulty": "moderate",
      "description": "MARATONA PERIFERIA CORSA (I)",
      "track_file": "tracks/t147231905_maratona_periferia.gpx",
      "start_point": 143,
      "end_point": 144,
      "local_guide": 17
    }
  },
  {
    "model": "hiketracking.hike",
    "pk": 135,
    "fields": {
      "title": "Punta Tresino from Agropoli to",
      "length": 13,
      "expected_time": 260,
      "ascent": 174,
      "difficulty": "easy",
      "description": "Gentle coastal walk along the Punta Tresino from Agropoli train station to Santa Maria di Castellabate.",
      "track_file": "tracks/t800231309_punta_tresino_from.gpx",
      "start_point": 145,
      "end_point": 146,
      "local_guide": 17
    }
  },
  {
    "model": "hiketracking.hike",
    "pk": 136,
    "fields": {
      "title": "Path of the Sirens",
      "length": 15,
      "expected_time": 270,
      "ascent": 60,
      "difficulty": "moderate",
      "description": "Out and back walk along the Path of the Sirens, from Santa Maria di Castellabate to its sister village of San Marco di Castellabate and beyond to Punta Licosa.",
      "track_file": "tracks/t800393858_path_of_the_sirens.gpx",
      "start_point": 147,
      "end_point": 148,
      "local_guide": 17
    }
  },
  {
    "model": "hiketracking.hike",
    "pk": 137,
    "fields": {
      "title": "Path of the Sirens - Extended",
      "length": 20,
      "expected_time": 354,
      "ascent": 99,
      "difficulty": "moderate",
      "description": "Out and back walk along the Path of the Sirens, from Santa Maria di Castellabate to its sister village of San Marco di Castellabate and beyond to Punta Licosa.",
      "track_file": "tracks/t800231648_path_of_the_sirens_-.gpx",
      "start_point": 149,
      "end_point": 150,
      "local_guide": 17
    }
  },
  {
    "model": "hiketracking.hut",
    "pk": 1,
    "fields": {
      "name": "The hut Rifugio Torino",
      "n_beds": 97,
      "fee": 65.0,
      "desc": "Il rifugio Torino è un rifugio alpino, situato de facto in Italia nel territorio del comune di Courmayeur, nell'alta Valdigne, in Valle d'Aosta, sul massiccio del Monte Bianco",
      "point": 107
    }
  },
  {
    "model": "hiketracking.hut",
    "pk": 2,
    "fields": {
      "name": "Rifugio Colle del Lys",
      "n_beds": 112,
      "fee": 40.0,
      "desc": "Lo Yeti Village è un nuovo complesso sciistico circondato dalla splendida natura del Colle del Lys",
      "point": 108
    }
  },
  {
    "model": "hiketracking.facility",
    "pk": 1,
    "fields": {
      "name": "Parking"
    }
  },
  {
    "model": "hiketracking.facility",
    "pk": 2,
    "fields": {
      "name": "Wifi"
    }
  },
  {
    "model": "hiketracking.hutfacility",
    "pk": 1,
    "fields": {
      "hut": 1,
      "facility": 1
    }
  },
  {
    "model": "hiketracking.hutfacility",
    "pk": 2,
    "fields": {
      "hut": 1,
      "facility": 2
    }
  },
  {
    "model": "hiketracking.hutfacility",
    "pk": 3,
    "fields": {
      "hut": 2,
      "facility": 1
    }
  },
  {
    "model": "hiketracking.parkinglot",
    "pk": 1,
    "fields": {
      "name": "Campeggi Valbondione",
      "fee": 15.0,
      "n_cars": 271,
      "desc": "Il Campeggio Valbondione dispone di 271 piazzole, tutte fornite di corrente elettrica, ideali per roulotte, camper o tende. È situato a Valbondione (BG), in alta Val Seriana, alla base delle più alte vette delle Alpi Orobie e alla confluenza dei fiumi Serio e Bondione",
      "point": 103
    }
  },
  {
    "model": "hiketracking.parkinglot",
    "pk": 2,
    "fields": {
      "name": "CAMPING SASS DLACIA",
      "fee": 30.0,
      "n_cars": 156,
      "desc": "Il Camping Sass Dlacia si trova nel  paesino di San Cassiano (BZ) in Alta Badia, alle porte del Parco Naturale Fanes-Senes-Braies. Circondato da boschi e pascoli alle pendici delle Dolomiti, è il punto di partenza perfetto per passeggiate, escursioni e pedalate.",
      "point": 104
    }
  },
  {
    "model": "hiketracking.parkinglot",
    "pk": 3,
    "fields": {
      "name": "La sosta Smarano",
      "fee": 50.0,
      "n_cars": 98,
      "desc": "Una posizione privilegiata per raggiungere facilmente i laghi di Coredo e Tavon e il grande bacino di Santa Giustina, ma anche i centri abitati.",
      "point": 105
    }
  },
  {
    "model": "hiketracking.parkinglot",
    "pk": 4,
    "fields": {
      "name": "AREA CAMPER TSCHAVAL",
      "fee": 28.0,
      "n_cars": 256,
      "desc": "Al fondo della magnifica valle del LYS ( o di GRESSONEY), ai piedi del massiccio del MONTEROSA, vi aspetta un accogliente area di sosta per il vostro camper. La struttura nasce dal desiderio di un ex camperista di creare una struttura come si sarebbe aspettato di trovare in una località di montagna.",
      "point": 106
    }
  }
]